text_clean,sentiment,sentiment_
surat rekom petinggi ganyantumin pangkat golong,0.0,0
lupa terima total daftar,0.0,0
kemarin isi yogyakarta domisili,0.0,0
gim nih lupa correct beasiswa lupa kk solusi ap,0.0,0
sedih masuk angkat,-33.333333333333336,-1
nabila masukin,0.0,0
iya provinsi domisil isi domisili nama grup tele aapa,0.0,0
izin organisasi surat terang aktif organisasi sertifikat sertifikat panitia organisasi taro sertifikat,8.333333333333334,1
izin bertnya data d isi d ulang,-14.285714285714286,-1
sr kolektif poin hapus kampus submit,0.0,0
upload sertifsertif upload ulang,-25.0,-1
kuota mahasiswa kemarin kuota terima,20.0,1
alam organisasi pakai surat terang aktif organisasi terima kasih,33.333333333333336,1
wkwkwkw,0.0,0
bismillahirrahmanirrahim,0.0,0
stars,0.0,0
tolong,0.0,0
admin,0.0,0
sptjm ikan kop institusi surat,0.0,0
hallo admin isi nominal sptjm terima kipk semester,12.5,1
mahasiswa beasiswa kip bgaimana,0.0,0
daftar smngt,0.0,0
daftar kampus ajar uji tes seleksi,0.0,0
bukti bpjs foto kartu,0.0,0
suda lolos d angkat alih angkat,0.0,0
daftar wkwkw salah video dafa,-20.0,-1
owhhjadi univ,0.0,0
univnya ka univnya kirim langsung,0.0,0
amiinn terimakasih doa,0.0,0
poin lanjur hapus coret daftar tindak kk,0.0,0
maaf kakak taut sr sptjm taut,-16.666666666666668,-1
semogaaa lolos kaaa tunggu kabar kaaa,0.0,0
ketemu kakak lagibaik terima kasih informasi kaksaya hasil kirim daftar,20.0,1
kakk gabisaa upload yaa ukur jenis file sesuai,12.5,1
terimakasih,0.0,0
dyla dukung ko,33.333333333333336,1
hmm moga kun fayakun tawakaltu ala allah,0.0,0
dyla gapapaaa,0.0,0
ho situ opsional brrti isi ka,0.0,0
dyla nyantuminnya surat putus anggota organisasi kaaa,-14.285714285714286,-1
kaaa,0.0,0
risiko ka,-50.0,-1
cv tulis individu si kaaa emang kaka nyantumin cv kemarin isi tugas tugas kuliah manuskrip kooo,0.0,0
sertifikat organisasi,0.0,0
dyla kemarin nyantumin sk organisasi dokumentasi abdi masyarakat cek sehat alhamdulillah lolos ka,7.6923076923076925,1
mm sertifikat organisasi alam ajar,0.0,0
rahimaaa terang nyata sehat,50.0,1
kaaa saing banget semangat yaa ka jalan ko salam,11.11111111111111,1
bisaaa kemarin nyantumin sk organisasi dokumentasi giat abdi masyarakat cek sehat alhamdulillah lolos,15.384615384615383,1
bisaaa kemarin naruh sk organisasi dokumentasi giat abdi masyarakat cek sehat alhamdulillah lolos,15.384615384615383,1
bisaaa kemarin pakai sk organisasi sertifikat mitra tim cek sehat kkn cantumin dokum abdi masyarakat alhamdulillah lolos,5.882352941176471,1
alam ajar sertifikat organisasi ngomong ngomong nyantumin dokumentasi abdi masyarakat alhamdulillah lolos,0.0,0
dapet rangin bbh kasih beasiswa dapet bbh beasiswa k kemdikbud dapet sisa k,0.0,0
maa kampus ku,0.0,0
hilang daftat giat akun mahasiswa dosen kampus ajar,0.0,0
izin nomor semester pengaruh,25.0,1
font surat rekomendasi times new roman terimakasih,14.285714285714286,1
numpang piagam diupnya yaa sptjm rekomendasi surat sehat surat aktif kuliah diup mohon arah,14.285714285714286,1
surat terang sehat bikin syarat mohon,33.333333333333336,1
kabar undur daftar,0.0,0
arnii,0.0,0
kisnya hilang isi milik poin e,-16.666666666666668,-1
sifaaa izin kis hilang isi milik poin e,-12.5,-1
coba bahas telegram yuks,0.0,0
semangat salam kampus ajar angkat,20.0,1
mohon maaf izin daftar lupa unggah cv ktp syaa unggah alhamdulillah resiko terima kasih,0.0,0
transkip ipk semester,0.0,0
coret,0.0,0
niaa wing dk coret sptjm sing milik asurasi sehat,11.11111111111111,1
video upload kadung upload situs,0.0,0
syarat dpl,0.0,0
tau syarat aplod daftar nda isi aplod syarat,0.0,0
telegram nama,0.0,0
aploud peryaratannya,0.0,0
izin cv alam masuk alam lomba tulis cerpen menang masuk alam webinar kah,7.6923076923076925,1
ingpo kawan,0.0,0
ingpo ingpo,0.0,0
tanda tangan belah kiri,-25.0,-1
halo tulis pandu poin tulis jenisnama beasiswa tulis nominal bantu hidup hapus kah terima beasiswa,6.666666666666667,1
terimakasih bang,0.0,0
wajib,-100.0,-1
naung kemendikbud program kampus merdeka,20.0,1
amiinn semangat,50.0,1
kip k lanjur tulis bbh semester yaa,0.0,0
transkrip nilai wajib tanda tangan kaprodi,16.666666666666668,1
semester situs kampus pas daftar situs kampus,0.0,0
proses verifikasi data kaka selesai verivikasi siyrat kaka taut,0.0,0
e sptjm coret,0.0,0
fitriyah iyaa bener upload,0.0,0
daftar moga lulus amiin,0.0,0
daftar beasiswa cair,0.0,0
oke terimakasih,0.0,0
surat izin orang tua surat pakta integritas penguplod,0.0,0
tmn tau bantu semester data akademik tulis semester yaa beda,0.0,0
gantiganti file mendafar,0.0,0
pengaruh seleksi verifikasi,33.333333333333336,1
dwinnda skip,0.0,0
beasiswa kemendikbud bbh full beasiswa kemendikbud dapet full,0.0,0
mas ka transkip yh semester transkip trakhir semester yh,11.11111111111111,1
ni nad,0.0,0
baca telegram bpjs aktif tidak-apa-apa lampir daftar,0.0,0
bpjs aktif tau tau daftar cmiiw yaa,0.0,0
sifaaa bpjs aktif premi daftar,20.0,1
transkrip nilai wajib capstempel,0.0,0
iya ka video mimin bilang bingun,0.0,0
beda hapus terima langsung terima beasiswa,16.666666666666668,1
moga lulu kampus ajar aamiin,0.0,0
sertifikat organisasi beda sma surat alam organisasi,0.0,0
sifaaa,0.0,0
poin sptjm terima beasiswa coret,20.0,1
uin,0.0,0
upload cv laman mbkm,0.0,0
andriani haloo tanda tangan materai tanda tangan materai,12.5,1
pilih milik milik arti coret milik,0.0,0
iya ngisinya semester diinput file,0.0,0
tau dokumen isi yah,0.0,0
minnn mohon lanjur daftar poin langsung tulis terima beasiswa bi ukt,9.090909090909092,1
perhati,0.0,0
mahasiswa daftar program tukar mahasiswa daftar program kampus ajar,0.0,0
keri kontene ws kadung daftarno hmmmm,0.0,0
ih,0.0,0
asuransi sehat upa kis,25.0,1
bikin terang nominal beasiswa cantumin semester terang tulis semester,11.11111111111111,1
diaha,0.0,0
bbh semester,0.0,0
bbh semester,0.0,0
eeee nih,0.0,0
sptjm beda share pertamabukan bintang terang pakai footnote pas daftar post tutorial,8.333333333333334,1
video d ahir sesi daftar,0.0,0
terimakasih,0.0,0
terima kasih,100.0,1
aamiin alloh moga lolos,0.0,0
okee terimakasih,0.0,0
doa bu,0.0,0
yahhh selesai daftar lolos,0.0,0
aamiin moga maklum panitia,0.0,0
oiya,0.0,0
sewa zoom yuk start k,0.0,0
mending telegram,0.0,0
e,0.0,0
telegram,0.0,0
surat tanda organisasi,33.333333333333336,1
coba gabung telegram,0.0,0
klinik terang surat surat waspada sehat,33.333333333333336,1
sesuai domisili domisili luas kabupaten coba grup telegram,25.0,1
coret salah,-50.0,-1
tulis tulis buku,0.0,0
arti asuransi sehat aktif bpjs asuransi salah aktif arti daftar,0.0,0
terimakasih informasi,0.0,0
yah,0.0,0
bisaa ulang kirim applaud sptjm salah coret salah,-25.0,-1
poin terima beasiswa coret hilang sata terima beasiswa ngefek,0.0,0
huhuhu,0.0,0
heriyanti video disebutin surat nyata bgian nomor coret hapus langsung filenya coret,0.0,0
kaya tidak-apa-apa si banget sesuai,22.22222222222222,1
dosen ku gapapaa mbaa,0.0,0
bikin ginian,0.0,0
tanggal kemarin surat terang sehat dokumen ready submit,37.5,1
azzhr okedeh,0.0,0
sertifikat prestasi kalok sertifikat akademik mohon arahanya,14.285714285714286,1
peluang lulus,0.0,0
maa tolong,0.0,0
sertifikat alam organisasi isi sertifikat panitia,0.0,0
klau nilai ipk transkrip sesuai laman kampus merdeka,37.5,1
hallo izin dokumen transkrip nilai terima kasih,42.85714285714285,1
less talk about investment am just here share good berita knowing that my investment is in safe hands got me excited made that possible with her excellent trading technique beginning this great journey i invested as capital and in few days i got return of her transparency tahan uji and diligence is undeniable good,7.407407407407407,1
sertifikat pas sekolah,0.0,0
sertifikat prestasi kuliah kah,25.0,1
upload dokumen transkip nilai semester daftar nilai,14.285714285714286,1
izin nama d ktp elis d bpjs binti,0.0,0
tulis nama ketik tulis tangan,0.0,0
pt gelondong arti sr mahasiswa ptfakultas,0.0,0
surat rekomendasi transkip nilai tanda tangan kaprodi,42.85714285714285,1
terimakasih cin,0.0,0
hallo sptjm tempel materail tanda tangan kah,14.285714285714286,1
insyaallah sesuai moga lolos allah amin,16.666666666666668,1
izin bertnya batas daftar tanggal yah,-16.666666666666668,-1
tanda tangan spjtm tinta biru lanjur hitam pengaruh tolong bantu,20.0,1
beasiswa tulis semester ri,0.0,0
hallo tolong buka dm ig ku terimakasih,0.0,0
me it,0.0,0
na,0.0,0
sertif prestasi,50.0,1
heriyanti temenku,0.0,0
semester,0.0,0
samaa format tera semester,0.0,0
upload tutor,0.0,0
maa,0.0,0
beasiswa terima cantum langsng semester perbulanapakah,16.666666666666668,1
terima beasiswa coret terima beasiswa habis titik kalimat,12.5,1
respon,0.0,0
nitipppp tdnya hp bingung upload,-20.0,-1
banget,0.0,0
ystwnz,0.0,0
sptjm sebenernya stempel prodi yaa bimbang template terang ttdstempel kemarin prodi kasih,8.333333333333334,1
iiihhh,0.0,0
sertifikat organisasi ganti foto giat organisasi,16.666666666666668,1
kakk bantu kipnya langsung tulis bulat bulat yaa lanjur buatt bulatnyaa semester,0.0,0
semester ka,0.0,0
iihhh samaaaa,0.0,0
dokumen butuh beda daftar pakai laptop hp laptop dokumen sptjm pakta integritas surat terang orang tua hp sptjm,5.555555555555555,1
ainiiii,0.0,0
ecek ipk laman kampus merdeka,20.0,1
beda error ato paham disubmit sih,-16.666666666666668,-1
ngf,0.0,0
hilang ditemplate,-50.0,-1
tanda tangan kaprodi stempel,25.0,1
iyaa tidk terima beasiswa kalimat terima beasiswa semester komponen bantu biaya hidup tinggal allowancela,0.0,0
milik asuransi sehat coret isi dokumensi upload pdf bpjs lulus,10.0,1
transkrip nilai ditandatangani dosen wali,20.0,1
bpjs coret ku hapus gima,0.0,0
point coret hapus selesai daftar,0.0,0
tolong maksud point nomor papar terang mahasiswa milik beasiswa tolong mahasiswa milik beasiswa,7.6923076923076925,1
samaa laman kampus merdeka beda banget ipk transkrip mohon bantu takutt,9.090909090909092,1
moga kis salah data,-25.0,-1
sptjm coret hapus salah,-25.0,-1
izin sptjm isi format terima beasiswa hapus nominal beasiswa terang terima beasiswa mohon,15.384615384615383,1
si terima beasiswa coret terima beasiswa,16.666666666666668,1
stpjmnya tanda tangan nama pribadi nama orang tua dosen kurung kurung hapus,8.333333333333334,1
ngf nitip,0.0,0
iya,0.0,0
angkat sesuai domisili yaa sisi domisil isi,14.285714285714286,1
iih beasiswa salah miin salah paham ku beasiswa,-12.5,-1
kartu sehat kis kalok tanggal lahir beda akte,12.5,1
mahasiswa beasiswa coret lanjur terima beasiswa,16.666666666666668,1
mohon solusi paham format,0.0,0
oke terimakasi,0.0,0
surat sehat expirednya yaa daftar kampus ajar minimal,12.5,1
ngisinya semester,0.0,0
terimakasih informasi,0.0,0
ipk ganti,0.0,0
dapet full,0.0,0
isi semester perbulanitu yah,0.0,0
sertifikat giat seminar kah,25.0,1
sr kolektif,0.0,0
surat sehat tanggal daftar tanggal,20.0,1
hallo izin surat sptjm nomor e coret,0.0,0
kuliah smpsma,0.0,0
sill materai asli digital tidak-apa-apa kiri kena materainya,0.0,0
izin alam mengajarprestasi,0.0,0
mohon respon,0.0,0
tunggu balas admin,0.0,0
format semester ira biaya semester,0.0,0
kayak tidak-apa-apa,0.0,0
tanggal,0.0,0
nitip mohon direspon,0.0,0
kakaku cantumin biaya brptahun,0.0,0
pie kih luurrt,0.0,0
izin sertifikat organisasi sertifikat tulis,0.0,0
dwinnda ngisinya isi kaya soale,20.0,1
terima beasiswa hapus coret,25.0,1
isi,0.0,0
dwinnda bantu opsional,0.0,0
aamiin,0.0,0
alhamdulillah terimakasih informasi,0.0,0
semangattttttt salam alumni,0.0,0
pakai meterai fisik tanda tangan kena meterai pakai meterai elektronik tanda tangan kena meterai,7.142857142857143,1
sptjm nomor e coret apaapa,0.0,0
filmohon responnya,0.0,0
soale kemarin sempet edit tulis tanda tangan matra hapus,11.11111111111111,1
bbh tulis semester aceh ira biaya semester isi nominal beasiswa sesuai semester,8.333333333333334,1
hallo izin transkip nilai wajib stempel,0.0,0
masyallah alhamdulillah prsyaratan dokumen sesuai video moga program kampus ajar angkat lolos unggah dokumen sterusnya aaminnn semnggat teman,5.555555555555555,1
sma bgitu,0.0,0
tanda tangan seba kiri materai,0.0,0
contoh dokumen,50.0,1
bukti alam organ ajar sertifikat prestasi,16.666666666666668,1
tanda tangan matra belah kanan lanjur salah,0.0,0
surat surat bikin tanggal upload tanggal tidak-apa-apa pengaruh seleksi administrasi,7.142857142857143,1
arti beasiswa mbkm dapet intensif kemendikbud,0.0,0
haallo miinn ipk sesuai ipk aju fakultas si takut,0.0,0
format resmi klinik yah surat terang sehat,28.571428571428573,1
surat terang sehat klinik kk,40.0,1
maaf syukur coba janji bbh masuk mimin gaji sabar hehe,20.0,1
catur hak ngapain positif thinking,40.0,1
astagfirullahkalo berfikir msib,0.0,0
ardl komennya,0.0,0
mantap,0.0,0
mohon deh langsung cairin denger termin cair apakabar banget deh curiga bau bau selesai magang oun uang ghaib masuk,-10.526315789473683,-1
cok termin apakabar,0.0,0
nebeng inap kosan tinggal sanggup ngelanjutin bayar temen temen rela pinjol penuh butuh ngerantau msib batch tolong cair bbh,0.0,0
ap ni komennya,0.0,0
l,0.0,0
gtg oppp,0.0,0
uang depo cok all in zeus,0.0,0
tolak ukur umur dewasa lahir manusia manusia masuk dewasa,11.11111111111111,1
mei nih bbh msib cair,0.0,0
aju,0.0,0
klarifikasiiiii woeee omong doang batt,0.0,0
mending magang mandiri dahhhh lapar,0.0,0
bbh woee,0.0,0
bacottt,0.0,0
minimal bbh sih,0.0,0
halooooo bbh kabar,0.0,0
fafa fatia fauziah nomor telepon si fafa maling suruh selesai urus kabur keluarga malu suruh si maling tanggung,-11.11111111111111,-1
cairin bbhnya,0.0,0
yaa duit abis,0.0,0
bbh yaallah ri gacair,0.0,0
bbh cair,0.0,0
bbh cair,0.0,0
bbh,0.0,0
wajib penuh kerja maksimal hak cair hilang motivasi kerja alam sih alam butuh hidup,0.0,0
bacot panitia bobrok bbh kasih mobilisasi kasih,0.0,0
haha gokil banget msib batch cairin bbh sulit,0.0,0
cuaks bikin program bom ngomongin mental blokkk urus tuh bbh mahasiswa pd sekarat makan,-7.142857142857143,-1
kpk tolong lihat isi komentar mahasiswa tuntut hak,12.5,1
banget ongkos,0.0,0
perintah panitia kampus merdeka hormat tunggu cair bbh magang batch pencariran omong doang lupa magang tolong dengar cepat cair batas butuh uang uang proses magang tolong dengar hormat,3.571428571428572,1
permisi bbh cair,-33.333333333333336,-1
alhamdulillah cair terima kasih,50.0,1
minimal bbh turun,0.0,0
bbh tolong,0.0,0
bbh turunin hehe,0.0,0
mogok kerja kah,0.0,0
postingan hati kayak ngomongin dewasa nih admin lihat luah kesah msib hak kunjung malu lihat kerja panitia msib sesuai janji dosen teman mahasiswa orangtua tau msib ngingkari janji syarat ulang kali program bangga cela tolong panitia baca butuh uang makan tinggal bayar minimal tepatin janji,8.88888888888889,1
admin kena mental aowkaoaakowao admin bocaaaaahhhh takut dbales,-12.5,-1
msib program merdeka mahasiswa program siksa mahasiswa,0.0,0
bbh qqh,0.0,0
tribe,0.0,0
deh ngapload feed skrang hate komen mulu mending desak panitia msib cairin bbh msk minggu mei cair termin,-5.555555555555555,-1
berita dapet mas,33.333333333333336,1
ayo teman teman wawas skill gabung latih seru banget,11.11111111111111,1
bbh tahap cair kemarin alur bbh tahap lpdp temu aju an mahasiswa terima beasiswa msib tindak mahasiswa kirim sptjm terang terima beasiswa mahasiswa terima bbh nyusul alur bbh tahap verifikasi ulang lpdp magang tahap verifikasi ulang surat dokumen proses makan minggu verifikasi ulang tahap aju kemarin an mahasiswa makan an mahasiswa koordinator program msib batch wahyu ari angkat bicara senin bbh cair minggu cair bbh minggu tanggal mei cair tahap milik wahyu magang isi lapor harianmingguan logbook plagiarisme arti lapor salin salin lapor teman magang fatal koordinator msib iv arti magang niat ajar magang cair termin hambat plagiarisme harap msib magang laku plagiarisme lapor mari karya tulis lapor giat magang seharihari,0.9009009009009008,1
iwantisu wkwkwk tunggu,0.0,0
mei cair main main gerak speak,0.0,0
kpk,0.0,0
gass,0.0,0
percaya suruh nunggu minggu hehe,20.0,1
berisik bbh cairin,-33.333333333333336,-1
ciee nasihatin selenggara,0.0,0
om,0.0,0
dewasa mki kah dek,25.0,1
postingan dewasa panitia dewasa tolong hak tunda bahagia dunia akhirat bahagia tunda hak orang,21.428571428571427,1
ku komentar ramai bahas dewasa nyata bbh,0.0,0
informasi valid sih minimal kasih klarifikasi,16.666666666666668,1
dewasa bbh,50.0,1
minimal cair bbh,0.0,0
dewasain tim biar kerja bener nungguin bbh cair,12.5,1
mahasiswa jengkel dengar alas masuk akal lpdp tanggung kait cair bbh,-18.181818181818183,-1
kpk tolong program usut tuntas perihal cair bbh sangkut alas bbh cair tunda bener perintah khusus tanggung cair lpdp,5.2631578947368425,1
yuk viralin ahh wkwkw,0.0,0
hahaha tertawa adminnya dewasa takut dewasa,0.0,0
omong kosong,50.0,1
cairin bbh msib batch ngepost ginian,0.0,0
kpk,0.0,0
dewasa mudah ajar nikmat indah asekkk,66.66666666666667,1
dapet kabar belah,-33.333333333333336,-1
temanteman izin hasil diskusi kepala tim msib diskusi beliau proses cair dana chat wa beliau cerita detail alami tim msib izin simpul temanteman tahap proses cair bbh alur cair bbh unit urut kerja serial tim msib dokumen mhs kolek tim msib tim ppkm dokumen verifikasi ppkm laksana pusat kampus merdeka ppkm aju belmawa belmawa belmawa aju lpdp lpdp lpdp validasi catver belmawa belmawa ppkm catver proses spp surat perintah bayar lpdp spp proses bank salur bank bank salur mahasiswa kemarin temu cased mahasiswa terima beasiswa proses cair tahap catver lpdp kena mahasiswa terima beasiswa dokumen belmawa gelombang temu mahasiswa terima beasiswa alhasil catat verifikasi temanteman kena bala inti temanteman beliau proses cair dana lpdp minggu bbh cair,1.709401709401709,1
aduh,0.0,0
insitusi dewasa deh,33.333333333333336,1
kasih tau dewasa nih mental dewasa hancur gara sengsara msib bantu kunjung cair hidup kota orang cari ilmu magang harap bantu bbh nyata teman pinjol gadai barang juang hidup rantau biaya mobilisasi sendirikosmakan ongkos magang sndri uang pas pas an dewasa situ kali dewasa berfikir hidup mahasiswa gara mahasiswa berkas vakid ribu mahasiswa kena imbas adil pakbu,3.508771929824561,1
televisi d,0.0,0
mang ieu motor sayah shockbreaker na tos has rada sesah mun angkat damel leptop tos rada ngahiung duhh,0.0,0
rill preach dewasa dewasa hipokrit,20.0,1
selamat siang hormat mohon maaf tagging akun kolom komentar harap coba baca keluh kesah temanteman kait bantu biaya hidup mahasiswa msib an mahasiswa hak lambat janji harap kait selesai panitia msib harap awas selesai terimakasih moga perhati salam hormat msib batch,2.4390243902439024,1
iya,0.0,0
komitmen bijaksana ambil putus simpul panitia msib batch bocah,11.11111111111111,1
proses menu cair bbh situs update curiga awikwok kisanak,-11.11111111111111,-1
semangat bang magang we are in the same kondisi,11.11111111111111,1
aelah sok sok an kasih informasi materi dewasa mental kerja tim kampus merdeka dewasa upss tsunami fakta bbh woy,15.789473684210526,1
hehe minimal bukti nyata klarifikasi tindak kena bbh msib batch omong doang komitmen komitmen kosong mohon dengar lihat yaa msib ngomong tembok mending ngomong tembok sih ngomong manusia cosplay tembok wkwkwk sakitu weh ti pusat mah well ah,7.894736842105263,1
dewasa bayar utang,33.333333333333336,1
ilmu teori,0.0,0
poin komitmen bbh,33.333333333333336,1
ciri ciri dewasa amanah janji yauda bbh simpel brou,22.22222222222222,1
bbh lari,0.0,0
reminder mei bisaa mei minimal termin selesai uang negara susah proses berfikir pakai uang pinjol biaya hidup uang negara timbang msib semester kabar anak msib gantung bbh cair,-3.571428571428572,-1
positif thinking uang pakai heeheheh,20.0,1
ngekritik takut tukang bakso awowkwowkwkw,-20.0,-1
dewasa jaga komitmen yah brati tim msib dewasa xixixi komit,20.0,1
awwww,0.0,0
bbh telat bayar janji manis meeting bilang minggu cair nyata minggu caiir kpk ri mohon tindak,12.5,1
ciriciri utama dewasa mental tunai wajib bekal alam pimpin selenggara program milik integritas disiplin tanggung amanah pimpin selenggara program senantiasa derita orang milik berani salah maaf salah tindak tanggung tindak,-6.666666666666667,-1
takut dewasa,0.0,0
dikamyuu,0.0,0
ri tolong cair bbh evaluasi anak non mobilisasi janji mei cair skrang cair d cek langsung keluh anak msib kolom komentar postingan,4.545454545454546,1
sumpah bbh cair hukum agama loh makan hak orang duit tip ortu tanyain teman ngekos ditangghin kos bayar kemanusiaa tolong capek ngedumel mending batch sedih banget nungguin,0.0,0
magang bbh febapril cair harap dengar baca sekian,0.0,0
halo suara suara temen temen masuk kena cair bantu biaya hidup harap moga teks baca admin izin hak kerja hitung mohon tim msib tolong cair bbh lihat tanggal mei hitung masuk magang msib bbh febapril cair alas sptjm temen temen valid sptjm temen temen valid diberitahukan diberitahukan terima magang february alas msib bbh undur cair mohon informasi mohon maaf temen temen magang daerah bayar uang kos uang makan uang transportasi uang mitra projek lingkup lingkung kantor biaya kerja akibat kendala uang transportasi kantor bbh cair mohon tim jajar program msib mohon baca keluh kerja daerah masingmasing daerah sekian terimakasih selamat malam salam hangat god bless all,2.830188679245283,1
televisi kpk tolong cek pakbu,0.0,0
butuh bbh i,0.0,0
bbh cair emang viralin si,0.0,0
televisi kpk,0.0,0
dewasa nungguin hak uji uji tolong ganti panitia ajar dewasa,20.0,1
amanah mental dewasa si hehe yuk war coldplay nih komennya baca habis kuota yah,7.142857142857143,1
konten buru buru eyd meleset,-20.0,-1
weh admin kerja posting acuh cuek kolom komentar suruh baca tuh keluh sakit bingung mu mahasiswa magang upah bayar program kerja magang jalan sebentar program magang ri panitia tanggung program dzolim kacau,-6.25,-1
heii bu tuh tua sadar hak upah kerja magang mahasiswa lelet lot lambat allah moga tahan tunda ulur laku upaya tindak upah penuh mahasiswa magang moga allah ikan sakit pilekbatuksariawandemam taubat sadar laku bentuk kedzaliman kpk,0.0,0
dewasa tolong bbh msib batch jalan woi turun,12.5,1
informasi,0.0,0
point gugur tim msib yaa,-20.0,-1
mantap bang,0.0,0
lihat petinggi msib poin ciri orang mental dewasa jaga komitmen lhaa petinggi msib dewasa ngomong ngomong nungguin bbh keluh kesah adminnya adminnya tuh urus bbh keluh mentok baca adminnya urus bbh ngomong magang posisi social media specialist usaha saran cari petinggi msib cari urus bbh tag orang keluh cari keluargasodaraorang ngurus bbh tag teror serang ribu orang gerak komen lebar beli bakso abang mondar mandir rumah,-1.5151515151515151,-1
musuh sih maunyaa sih yah trakhir kayak bilang cairin cairin dicairin arti tau derita mahasiswa program jalan,-11.764705882352942,-1
cakap si mimin,33.333333333333336,1
arti masuk orang dewasa tunggu cair bbh termin,12.5,1
pe bbh,0.0,0
komentar wakil komentar orang,-25.0,-1
lur tong kosong nyaring bunyi koar urus komitmen mah hahah,20.0,1
bener bangett,0.0,0
bbh msib cair uang wfh mentor bbh cair tolong bantu follow mahasiswa lilit pinjol tahan hidup rantau bbh kunjung cair tunai wajib kerja tolong tunai wajib panitia hak mahasiswa magang bbh msib coreng nama kes professional kelola program,2.631578947368421,1
batch ajar cari uang pinjol,0.0,0
dewasa laku oranglain orang laku mu kadang harga,12.5,1
dewasa jaga komitmen tanggung ngurus bbh orang dewasa anakanak main orang dewasa jaga komitmen tanggung bbh,12.5,1
arti panitia msib dewasa jaga komitmen jangka sulit terima kritikpunya sosial media arah terima dm servis help center kirim pesan template sulit prioritas magang bbhnya mulu,15.384615384615383,1
birokrasi program ribet,0.0,0
point gugur panitia msib,-25.0,-1
dewasa janji laku adil cair bbh kasihan mahasiswa tunggu hak terima,36.36363636363637,1
ajar mental program bikin orang sakit mental bbh,-12.5,-1
bbh woy bbh cair nih kota orang makan,0.0,0
bbh,0.0,0
kpk,0.0,0
magang bom bayar nih janji keribetan status rejected sptjm biar bbh cair batch batch cair batch fine fine cair usut panitia msib mohon,0.0,0
bbh,0.0,0
tamvan berani bang,33.333333333333336,1
bbh cair,0.0,0
bbh cair diem diem ajaaa,0.0,0
bbh minggu,0.0,0
bener banget huwaaa yaaa,0.0,0
ajar dewasa mah dewasa banget bikin msib batch rantau uang makan mie makan pakai kecap rela jalan hemat ongkos sua bbh msib batch caircair bayang anakanak mobilisasi kasih duluan mobilisasi mandiri ngebeban perintah giniin jarak cair an sungguh adill sih ketua msib batch ganti msib batch ketua omong kosong,12.244897959183673,1
minimal bbh cair deh,0.0,0
hai kembaliii kamerin nitip jejak alhamdulillah lolos ka pus university didik indonesia,0.0,0
kejar mimpi pmm,0.0,0
mohon informasi surat legal sptjm,0.0,0
moga lolos allah,0.0,0
tutup,0.0,0
moga,0.0,0
moga lewataminn,0.0,0
semangat yaa gaesss,33.333333333333336,1
plissss kakkk lagiiii,0.0,0
bikin tugas skripsi gampang langsung jokiin tugas bilik joki,11.11111111111111,1
pupus harap ku,0.0,0
bismillahirrahmanirrahimm,0.0,0
marr aamiin allah,0.0,0
pmm,0.0,0
mohon,0.0,0
nitip soalny kampus ado acara ssah nn tanda tangan ny,10.0,1
bang,0.0,0
aaku gituin bintang pilih ilangin,0.0,0
pleaseee papua tok,0.0,0
lolos pmm universitas mataram,0.0,0
semangatt,0.0,0
moga lolos amin,0.0,0
m,0.0,0
pmm terima yaaa,33.333333333333336,1
akuuuu,0.0,0
besok tutup langsung lolos berkas langsunh tahap,0.0,0
mohon,0.0,0
tolong pliss,0.0,0
aamin cepat,50.0,1
allahuma sholli ala sayyidina muhammad,0.0,0
pilih ptnya nyiapin berkas pilih suket sehat,14.285714285714286,1
udayana plisss lolos,0.0,0
moga lolos pmm,0.0,0
smngat temen temen semuaa yangg daftar,0.0,0
moga lolos amin,0.0,0
lolos amin,0.0,0
lolos aminnn,0.0,0
nitip,0.0,0
oh iyaa mkasi yah,0.0,0
nitip,0.0,0
izin semester program kampus ajar angkat daftar pmm,0.0,0
biidznillah,0.0,0
jam berapaa yaa tutup besok,-20.0,-1
nitipp,0.0,0
in the nama of the jesus moga lulus bangat pmm in,0.0,0
bissmillah kali lulus,0.0,0
bismillahsemoga lolos pmm,0.0,0
allahuma salliala muhammad waala ali muhammad,0.0,0
kunci data nihhhh hihi moga luluss,0.0,0
si,0.0,0
kayak,0.0,0
marr aamiin allahumma aamiin,0.0,0
semangat,100.0,1
minn,0.0,0
mohon,0.0,0
semangat,100.0,1
spam kemarin kunci data email konfirmasi,0.0,0
pilih pt terima dikitt buangett tuh,16.666666666666668,1
mohon,0.0,0
goodluck pmm jamin move on,0.0,0
kause coba buka pas subuh,0.0,0
jam tutup pmm,-33.333333333333336,-1
pilih papua xixi,0.0,0
yah,0.0,0
serius lock,-50.0,-1
keterimaa,0.0,0
surbin nih,0.0,0
ulang matkul,-50.0,-1
pt temu ketik hasil daftar pddikti,0.0,0
jumpa banjarmasin,0.0,0
lanjur lock konfirmasi email,0.0,0
iya minnn its true,0.0,0
nitiippp,0.0,0
mohon ngurus berkas kampus libur,0.0,0
gas mataram,0.0,0
iya email cthnya konfirmasi dilu,0.0,0
mudah mudah lolos seleksi berkas,20.0,1
izin data profil brarti konfirmasi,0.0,0
jam pnutupannya,-50.0,-1
situs penutupamnya tanggal,0.0,0
coba pilih wajib lock dikosongin,-20.0,-1
izin tuhan moga lolos,0.0,0
yuukk teman daftar,0.0,0
pmm lolos,0.0,0
sih malam buka jam pagi ngomong ngomong mantengin,-12.5,-1
tanggal mei besok kantrus mei jam mohon informasi,-12.5,-1
allahuma sholli ala muhammad semogaa lolosss,0.0,0
rehat,0.0,0
coba kaka,0.0,0
email survei yaa,0.0,0
tanda data kunci,33.333333333333336,1
lolos,0.0,0
spam ka,0.0,0
coba akses malam siang akses,0.0,0
mi pilih unismuh makassar jumpa kota daeng,0.0,0
minnn guee d bolehin kaprodi gueeee ikutaannnn,0.0,0
samaaa bgtt,0.0,0
nangisss,0.0,0
semangatt semangattt,0.0,0
bunda maria doa,0.0,0
brarti tutup malam,0.0,0
ikan hak tukar mahasiswa merdeka,40.0,1
jumpa temanteman pmm,0.0,0
suruh login,0.0,0
the nama of jesus,0.0,0
gadiizinin kaprodi semangatt daftar,0.0,0
moga anggota pmm amiin,0.0,0
minnn plissss,0.0,0
sumut,0.0,0
nnti sulit konversi sks,0.0,0
tanda tangan kaprodi,33.333333333333336,1
moga lolos nitip komen pakai akun temen kesini lolos gaess,0.0,0
asikkkk,0.0,0
kause iya ka resiko daftar xixi,0.0,0
tambahin kapasitas univ minnnnnnnn,0.0,0
konfirmasi pengaruh si,33.333333333333336,1
sabar ihhh,50.0,1
uin bukittinggi deh huhu,0.0,0
lolos,0.0,0
hah benerann apaaa,0.0,0
land amin wajib novena nih,-20.0,-1
amiiin moga loloss moga masuk amiin,0.0,0
situs error encountered,-33.333333333333336,-1
email konfirmasi kau email konfirmasi,0.0,0
moga lancar allah,0.0,0
ku pilih ptnya bgtt,0.0,0
ira uin,0.0,0
milih pt overload yah,0.0,0
gutlakkk too bangga,33.333333333333336,1
spam kemaren,0.0,0
nama pt buka,0.0,0
copy code kirim wa,0.0,0
gutlakkkkk bangga,50.0,1
ss coba akses pas malam lancar,0.0,0
anjayyy,0.0,0
moga loloss pmm,0.0,0
kk,0.0,0
nama tuhan yesus lolos pmm bunda maria doa,0.0,0
error websait masukin coba masukin malam,-16.666666666666668,-1
email ter konfirmasi huhuu,0.0,0
sorong,0.0,0
allah,0.0,0
daftar,0.0,0
allah,0.0,0
cung milih pt,0.0,0
mohon,0.0,0
loloss,0.0,0
mohon,0.0,0
aaaaaak semangat pmm moga lolos,20.0,1
allahumma salli ala sayyidina muhammad wa ala ali sayyidina muhammad,0.0,0
pilih pt error,-33.333333333333336,-1
mohon,0.0,0
good luck daftar pmm moga lolos,33.333333333333336,1
hayu,0.0,0
allahumma salli ala sayyidina muhammad wa ala ali sayyidina muhammad,0.0,0
gas merauke,0.0,0
wa konfirmasi sih,0.0,0
awass,0.0,0
semangat semuanyaaa moga lulus kampus impi,16.666666666666668,1
cung izin kaprodi,0.0,0
hayolohhhh,0.0,0
mohon,0.0,0
email konfirmasi gimanaaa,0.0,0
mohon,0.0,0
lolos pmm jawa amin,0.0,0
anak uin mah nangiss,0.0,0
lolos pmm s,0.0,0
yan,0.0,0
bismilah,0.0,0
yukk ajaa,0.0,0
izin lampir nomor rekening pengaruh lolos,16.666666666666668,1
amin,0.0,0
denger nenek nenek ngupil arti,0.0,0
standbay wa vc or ob,0.0,0
mas,100.0,1
beda sekolah dongggg,0.0,0
emang lolos,0.0,0
hiii denger gunting kuku lho,0.0,0
daftardaftar,0.0,0
dm yaa,0.0,0
bismillahirrahmanirrahim,0.0,0
loh,0.0,0
lolos,0.0,0
kkk,0.0,0
maksud ganti norekening ganti norek nunggu verifikasi,0.0,0
terimakasih informasi,0.0,0
sptjm corett,0.0,0
selamat juang moga lolos,25.0,1
ganti laptop,0.0,0
goodvibes mah,0.0,0
yuk yuk yuk jam tanggal juni nih submit pemdaftaran yaaaa,-10.0,-1
tunggu,0.0,0
ganti,0.0,0
telat,0.0,0
tolong daftar admin,0.0,0
allahumma sholli ala sayidina muhammad mudah lolos berkas,12.5,1
nama tuhan yesus,0.0,0
astungkara lulus,0.0,0
aaaaaminnnn yaaaaallahhh,0.0,0
makasii informasi,0.0,0
kelulus berkas malam nunggu,0.0,0
moga rejekinya dess semangat,25.0,1
msib syarat mhs poin mahasiswa nomor induk siswa nasional nisn daftar dapodik verifikasi akun kampus merdeka status aktif aktif jeda kuliah status aktif tolong mohon kasih tau aktifasi konfirmasi sdsma sd kota kunjung tolong dibales,5.714285714285714,1
pakai laptop,0.0,0
gantung ajar metode pilih salah,-20.0,-1
error coba pakai pc,-25.0,-1
semester,0.0,0
download brimo,0.0,0
moga,0.0,0
terima,100.0,1
donk kasih solusi kasih rekening nama orang,14.285714285714286,1
orang wajib pakai nama nnti verifikasi pakai nama beda huruf nunggu verifikasi dllnya pakai nama orang nnti,-5.882352941176471,-1
aamiin ka,0.0,0
tutor,0.0,0
allah moga kali lulus aamiin,0.0,0
pkm minn allah,0.0,0
bri online,0.0,0
alhamdulillah moga mudah,33.333333333333336,1
iya dapet sekolah sesuai cari,20.0,1
lolos angkat,0.0,0
moga,0.0,0
bismillahirrahmanirrahim moga lulus,0.0,0
tuju banget ngurus berkas daftar buka hihi,0.0,0
nomor rekening pakai saudara bni atm,0.0,0
karang tutup,0.0,0
smstr smstr daftar,0.0,0
bikin atmnya besok bantu,0.0,0
harap biaya hidup yah niat magang harap keluarkeluar timbul emosi,0.0,0
goodvibes lulus kasih pilih ubah alamat,16.666666666666668,1
moga lolos aminn,0.0,0
mohon maaf nih lulus pilih alamat batas kali alamat daftar beda nyata lulus ganti alamat cari sekolah cocok,-5.555555555555555,-1
d gb tele,0.0,0
bismillahirrahmanirrahim lolos kampus ajar aamiin,0.0,0
tolong biar bnerin dokumen,0.0,0
jt terima beasiswa perintah,25.0,1
huhu next urus berkas jauhjauh tutup daftar kaka,0.0,0
pas kece dokumen lihat dokumen gimn,0.0,0
moga lolos angkat tuhan,0.0,0
data sinkron pddikti,0.0,0
iya lulus,0.0,0
goodvibes masuk ituu,0.0,0
moga lolos,0.0,0
an,0.0,0
moga hasil muas,0.0,0
goodvibes domisili daftar banget,0.0,0
pindah domisili minggu,0.0,0
terimakasih cerah,50.0,1
jalan abdi tuju insan didik moga lolos aamiin,0.0,0
tolong,0.0,0
goodvibes iyaa,0.0,0
goodvibes,0.0,0
sekolah pilih dasar alamat domisili isi daftar,0.0,0
moga kampus liburrr,0.0,0
goodvibes masuk alamat pilih sekolah tim program kasih pilih sekolah pilih pilih sekolah,7.6923076923076925,1
yaallah lolos hambaaaa,0.0,0
allah,0.0,0
lulus tahap milih sekolah masuk alamat tolong panitia masukin alamat pilih sekolah efektif domisili,7.142857142857143,1
kampus ajar cmn,0.0,0
tanda tangan pakai elektronik,25.0,1
tanda tangan pakai elektronik,25.0,1
moga kasih jumpa adek sdsmp kasih insight aaminn,12.5,1
perpanjanggg miinnnn sptjm turunn niii,0.0,0
yaa bisaa yuk,0.0,0
tes tanggal,0.0,0
tuju libur,0.0,0
bismillahirrahmanirrahim,0.0,0
sr,0.0,0
berkas tanda tangan elektronik,25.0,1
perpanjangggg minnn,0.0,0
papa ipk transkip surat rekomendasi,20.0,1
ihh lanjur daftar,0.0,0
terima kasih,100.0,1
coba pakai laptop,0.0,0
pengaruh beda transkip nilai situs,40.0,1
moga lolos aamiin,0.0,0
terimakasih,0.0,0
okee makasii,0.0,0
iyaa temen,0.0,0
kog hehe,0.0,0
pakai twibbon kah kk,0.0,0
juli bg,0.0,0
moga lolos aamiin,0.0,0
beneran kakpunya kakak kah,0.0,0
mohon sibuk bangat kerja uas semester urus urus utama berkas lengkap susah bangat tanda tangan senang bangat cuti mohon,5.2631578947368425,1
tau ubah pengaruh data,25.0,1
dongkampus libur,0.0,0
biaya hidup dapet,0.0,0
yaa data akademik ipk gasesuai ganti loh permanen tolong arah,0.0,0
nitip,0.0,0
amin,0.0,0
moga bisaaaa lolos aamiin,0.0,0
kampus libur,0.0,0
sr,0.0,0
moga,0.0,0
semangat salam kakak,33.333333333333336,1
unggah dokumen plus bantuin kemarin,0.0,0
kakk dongg,0.0,0
allahumma sholli ala sayyidina muhammad,0.0,0
harap proses adm lambat informasi kampus libur,-14.285714285714286,-1
biar,0.0,0
kocak,0.0,0
rd,0.0,0
lolos kampus ajar angkat,0.0,0
allah moga kali lulus aaamiinn,0.0,0
lengkap,-100.0,-1
bangsa negara abdi negeri,0.0,0
nitip,0.0,0
nte mbak,0.0,0
nama tuhan yesus lolos,0.0,0
bissmillah,0.0,0
kocak,0.0,0
taut twibbon,0.0,0
sptjm revisi kah,0.0,0
moga lancar aamiin yra,0.0,0
puji tuhan lolos,0.0,0
kun fayakun allah,0.0,0
cv profil wajib banget isi si,-16.666666666666668,-1
moga hasil,0.0,0
jam,-100.0,-1
submit data masuk yah,0.0,0
mohon adm selesai tanggal merah,0.0,0
daftar ko yah mohon direspon,0.0,0
bismillahirrahmanirrahim moga mudah jalan lolos tahap aamiin yarabb,12.5,1
bagus,100.0,1
ayoo,0.0,0
minimal smt maksimal,0.0,0
minimal bbh cair grgr revisi sptjm nunggu hadeh kaco,0.0,0
kampus kampus sulit mahasiswa lulus manfaat mahasiswa prestasi bodoh kampus pintar cari uang,15.384615384615383,1
lee,0.0,0
nuntut bbh semangat,33.333333333333336,1
semangat ortuku kayak kalah deh baca komentar,0.0,0
mengsedih,0.0,0
akun email pakai daftar kampus ajar hilang daftar kampus ajar,-10.0,-1
muncul silah cek,0.0,0
muncul mitra cek situs kampus merdeka,16.666666666666668,1
bayarin bbh,0.0,0
mohon maaf izin coba daftar kampus ajar keti nama kampus muncul kampus daftar pddkit solusi,-6.666666666666667,-1
p bbh,0.0,0
pakai toa masjid bbh cairin jalan nih,0.0,0
pakai admin obat tht,25.0,1
selamat malam izin proses cair bbh mahasiswa progam batch iv pasuk minggu bbh kunjung cair alas tim libur proses cair bbh progam cair mei lihat rekanrekan progam msib aju mobilisasi bantu mobilitas kota kota laksana progam terima bbh april mahasiswa aju mobilitas terima bbh izin pakibu mang bijak progam kampus merdeka rupa progam tingkat kapasitas sdm indonesia monitoring evaluasi sangkut langsung progam lihat angkat angkat kendala proses cair bbh mohon izin progam bertanggungjawab imbas mahasiswa percaya mang bijak tim kampus merdeka kirim email bunyi cair bbh termin penuh syarat penuh syarat welcoming proses cair lapor acc mentor dokumen sesuai tau oh bijak ubah jalan diinfomasikan msib tau baca informasi moga proses cair bbh cepat terimakasih izin tag prime kpk,5.882352941176471,1
kampus ajar angkat anak organisasi lolos program kampus ajar,0.0,0
selamat soreee msib batch kait cair bbh tim lpdp proses terima program februari terima bantu biaya hidup mesti janji cair bbh mohon bantu butuh biaya tinggal butuh seharihari,7.142857142857143,1
perintah respon,0.0,0
iya bang bagus bagusin linked in,16.666666666666668,1
bagusin instagram bang cv pakai akun fake,0.0,0
iyaa bilang proses seleksi mitra,0.0,0
titip informasi,0.0,0
terimakasih arti situs kampus merdeka tentative,16.666666666666668,1
nitip informasi kait daftar msib batch ri,0.0,0
daftar cuy cv lulus kuliah experience,0.0,0
bbh tolong cair donggggg minggu woi nih hak bom bayar selesai magang ri ri kpk transparasi nih wkwkwk,0.0,0
sertifikat msib masuk prestasi kuras iyaa bagiamana alur dasar informasi puspresnas laku kuras selenggara acara mohon bantu ri,0.0,0
halo mohon izin dftr program kampus ajar angkat nama trdftr pddkti,0.0,0
program msib daftar program kamjar,0.0,0
labina,0.0,0
mohon bbh dikeluarin buka batch,0.0,0
bbh msib batch cairin tanggal mei ni magang masuk minggu bbh termin dicairin masak nunggu tanggal mei beneran kerja banget jatohnya minggu magang sptjm mulu dijadiin alesan,3.703703703703704,1
mohon maaf magister program kampus ajar,-16.666666666666668,-1
halo suara suara temen temen masuk kena cair bantu biaya hidup harap moga teks baca admin izin hak kerja hitung mohon tim msib tolong cair bbh lihat tanggal mei hitung masuk magang msib bbh febapril cair alas sptjm temen temen valid sptjm temen temen valid diberitahukan diberitahukan terima magang february alas msib bbh undur cair mohon informasi mohon maaf temen temen magang daerah bayar uang kos uang makan uang transportasi uang mitra projek lingkup lingkung kantor biaya kerja akibat kendala uang transportasi kantor bbh cair mohon tim jajar program msib mohon baca keluh kerja daerah masingmasing daerah sekian terimakasih selamat malam salam hangat god bless all,2.830188679245283,1
daftar in ngoni,0.0,0
inti panitia msib asyik bikin post mempekeruh mahasiswa ig akun serang mahasiswa komentar beliau rajin post facebook nama fbnya wachyu haji,4.761904761904762,1
apresiasi msib batch bu mohon bijaksana kondisi heran akun ketua panitia ig ngepost facebook bikin keruh inti ketua panita wahyu haji becus,9.090909090909092,1
panitia piknik cari ig fb wachyu haji cek,0.0,0
bbh cair nonton coldplay,0.0,0
oeh,0.0,0
bbh kabar,0.0,0
kpk,0.0,0
baa,0.0,0
smts arti smt,0.0,0
smt,0.0,0
bbh msib cair duit nih jerat pinjol grgr program prematur,-10.0,-1
bbh msib cair duit nih jerat pinjol grgr program prematur,-10.0,-1
ayo coba,0.0,0
wkekwk komennya tengok,0.0,0
bbh cairin buka program,0.0,0
hak bbh kemaren bilang april usaha tolong ajar amanah survei batch batch kerja tolong tutup mulut orang berani program berani mempertanggungjawabkan hak orang,8.695652173913043,1
akunsayaa,0.0,0
coba baca komentar ttg usut sulit cair bbh,0.0,0
woi ketemu ayo panitia panitia kampus merdeka batch kecut tanggung panitia hah hak orang dipenuhin woi pura bodoh orang janji janji palsu dikeluarin bbh turun april mundur mei mei mundurin juni panitia minimal pilih orang cari orang integritas program tau ham manusia,0.0,0
bbh cairkann,0.0,0
gmana yah minimal laksana giat semester arti daftar semester mahasiswa semester semester,8.333333333333334,1
daftar ka batch bbh bom cair,-16.666666666666668,-1
tantrii bsi,0.0,0
kampus tau,0.0,0
kampus ajar angkat alhamdulillah lancar sih cair,0.0,0
buka muluuu bbh batch kemanain nihh pakai urus kah maniisss,0.0,0
kampus ajar kali seru,0.0,0
koor kampus ngajuin panitia kamjar deh,0.0,0
sabar salur jjs,33.333333333333336,1
woi bbh woi uang habis belik minyak,0.0,0
hak woi,50.0,1
in,0.0,0
maksud semesteer semester magang,0.0,0
buka tanggal,0.0,0
emanng bang,0.0,0
hahaha butuh mki dek,0.0,0
oke,0.0,0
titp tau buka,0.0,0
angkasa,0.0,0
nidn nidk tara,0.0,0
tengkyuuuu,0.0,0
yuk daftar kampus ajar khawatir bbh kampus ajar mah aman cair rajin bikin lapor,7.142857142857143,1
daftar,0.0,0
semangatt yah bestiee,0.0,0
panitia hak bbh kasih respon bener template kampus merdeka merdeka nama,27.272727272727277,1
program magang msib kampus merdeka buka yh,14.285714285714286,1
batch bener nalar anak magang hak cepat lambat alesan kl timbang administrasi kerja cepat resiko anak magang uang hidup tolong panitia msib evaluasi buka program intropeksi batch surver isi evaluasi sekian,6.451612903225806,1
yn gaskeunnnn,0.0,0
tani i,0.0,0
nnti hayoo,0.0,0
terimakasih,0.0,0
nayy bantu biaya hidup ka,0.0,0
smt,0.0,0
noora d s,0.0,0
smt,0.0,0
af maaf tau bbh,-25.0,-1
semester daftar,0.0,0
bollehhhhh,0.0,0
ayo daftar,0.0,0
lek enek ws budal,0.0,0
yok,0.0,0
program kampus merdeka multiple apply jaga biar lolos milih,11.11111111111111,1
daftar,0.0,0
naung kemenag tau,0.0,0
lihat junijuli,0.0,0
nk meh ikit mending inihh,0.0,0
yuk teman,0.0,0
univ bawa naung kemenag,0.0,0
adminnya fast respon budek wkwkwkwkwk,20.0,1
markicob tau iseng hadiah keun xixixi bg error,0.0,0
kurniairiani wkwkwk mari,0.0,0
dosen praktisi buka,0.0,0
gaas brader error plajaran smt kite online xixix,-12.5,-1
kurniairiani,0.0,0
ok,0.0,0
hah,0.0,0
nggaa,0.0,0
alumni,0.0,0
lur,0.0,0
izin semester minimal cmiiw,0.0,0
nitip kakk,0.0,0
nitip,0.0,0
maaf izin uin daftar,-25.0,-1
sri dek,0.0,0
masak behh banget,0.0,0
bbh msib cairin kpk,0.0,0
semester gas sih,0.0,0
magang merdeka buka daftar,25.0,1
semester,0.0,0
turunin bbh hutang warung kopi warung kopi langsung buru tutup warung,-9.090909090909092,-1
kemenag,0.0,0
bbh magang batch turun hayuk panitia manis manis yuk bbh turun yuk haduhh cakepnyaaaaa jalan say,6.25,1
tugas serentak saran semester genap,0.0,0
kampus ajar bae,0.0,0
kk seleksi vcat cepat pmm,20.0,1
tolong bbh cair pinjol bawa parang rumah,0.0,0
kuy daftar dapet uang jajan v,0.0,0
bbh msib cair,0.0,0
nahh,0.0,0
d s yah program s terimakasih,0.0,0
ngeneki ta,0.0,0
laksana,0.0,0
terimakasih informasi,0.0,0
gass,0.0,0
iya batch selesai juni,0.0,0
deh takunya lolos,0.0,0
daftar,0.0,0
bbh nih mans,0.0,0
bbh domg,0.0,0
april mobilisasi garata,0.0,0
tolong admin bbh termin mei lihat hilal tf,0.0,0
tah coba biar semester ajar kampus,0.0,0
junijuli,0.0,0
magang merdeka,50.0,1
translet abstrak skripsi sayang,25.0,1
kk daftar pmm kelulus daftar blh,0.0,0
selesai pmm gaskeun kampus ajar,0.0,0
alhamdulillah,0.0,0
ukt bayar,0.0,0
dongg,0.0,0
yok,0.0,0
ka download sptjm sr,0.0,0
bbh magang msib urus cair buka program ngurus program bener,0.0,0
lewatmi,0.0,0
rd,0.0,0
moga yaa,0.0,0
tau uin naung kemenag,0.0,0
uin kah,0.0,0
tiati guys uang pmm ancurr bantu hidup ratus cair sekaraang,0.0,0
tindak huhu minggu,0.0,0
kendala pddikti,0.0,0
ka,0.0,0
program dam bagus loh ksksksk,20.0,1
izin dftr pmm,0.0,0
iya perihal ukt bayar personal,0.0,0
chat in,0.0,0
mmy udahh spam,0.0,0
balas bot,0.0,0
waahh kaa emgnya penasaran pikir pmm,0.0,0
informasi upload data,0.0,0
ayoo adain uin jugaa,0.0,0
banget bls,0.0,0
anak uin daftar,0.0,0
semester si,0.0,0
misi daftar pmm gagal pmm,-20.0,-1
nanyak pmm semester,0.0,0
kakbot santai respon banget,25.0,1
izin beasiswa beasisiwanya opsi prngisian data,0.0,0
daftaro eman mumpung enek,0.0,0
cair dana sulit wkwkwkwkkwk,0.0,0
samberi,0.0,0
euy,0.0,0
maaf syarat y,-33.333333333333336,-1
buka jari,0.0,0
maaf buka pmm syaraty,-25.0,-1
live streamingnya save youtube,0.0,0
kakk informasi,0.0,0
nk kah kk,0.0,0
kudu gas gasiih dess,0.0,0
gass pok,0.0,0
dm yaa,0.0,0
banget booster,0.0,0
elsaa tau univ tuju,0.0,0
rk,0.0,0
dfite,0.0,0
emang sosialisasi bentrok jam,-25.0,-1
pakkkk,0.0,0
hmd,0.0,0
informasi grub,0.0,0
anhari nrhsnh,0.0,0
kuan daftar semester genap berangkat pmm semester ganjil semester berangkat semester,-9.090909090909092,-1
elsaa cdm,0.0,0
ukt bayar patah semangat pmm,0.0,0
kirai sosialisasi bikin senang patah semangat pmm,14.285714285714286,1
yok,0.0,0
semester,0.0,0
iya yah,0.0,0
ayok,0.0,0
besti,0.0,0
uin mohon adain,0.0,0
salsabilabrs gas,0.0,0
informasi grup sharing,0.0,0
s tukar ajar,0.0,0
informasi grup,0.0,0
nt,0.0,0
tengok,0.0,0
gaskeunn,0.0,0
usaha msk yh,-33.333333333333336,-1
nama kemendikbud gerak bidang didik didik pisah,0.0,0
okee,0.0,0
maa besok bawa lepi kali yak enaknyaa udu dftr maa,0.0,0
izin tau uin naung kemenag kemendikbud,0.0,0
ank uin sklian platform kurikulum sih mbkm gadiberi akses deskriminasi didik,0.0,0
cobaaa,0.0,0
ip,0.0,0
ppm brapa orang prodifakultas,0.0,0
cek dm,0.0,0
ayokk,0.0,0
iyaa,0.0,0
af kuy smster yaa,0.0,0
ken magang tukar ajar,0.0,0
af mi ikott niiss,0.0,0
tau,0.0,0
elsaa,0.0,0
daftar isi mata kuliah tawar ka,16.666666666666668,1
elsaa dm daftar pt,0.0,0
ayok grub yok unpad,0.0,0
vokasi gasskeun sih,0.0,0
siapppo,0.0,0
iya ka beda univ beda atur kali ka univ ha dibolehin sem,0.0,0
ap,0.0,0
udahh dapet akuu dm yaa,0.0,0
elsaa nitip jugaa dapett kirimminn,0.0,0
pmm pas semester padet nyusun skripsi,0.0,0
request tanggal kebrangkatan yaa,0.0,0
e,0.0,0
pm dek,0.0,0
yuks,0.0,0
thnkssssss,0.0,0
auliana ayok ikutt,0.0,0
cek dm,0.0,0
dis,0.0,0
elsaa dek cht pribadi coba,0.0,0
mpat kah,0.0,0
elsaa nitipp,0.0,0
daftar pt kah cek,0.0,0
ayoo,0.0,0
zoom,0.0,0
univ padjadjaran bareng yok,0.0,0
gaskenn pallkue,0.0,0
univ fokus skripsi,0.0,0
kuan semster ganjil,-33.333333333333336,-1
buka sem,0.0,0
yah sem pmm tt,0.0,0
kuan ganjil,-50.0,-1
semester si,0.0,0
oh pokok,0.0,0
ooo,0.0,0
ooooo,0.0,0
m,0.0,0
o,0.0,0
po,0.0,0
tukar mahasiswa pmm,0.0,0
tyle rado ci moim sercu w nie otrzyma em m j zysk mog teraz zap aci rachunki dzi kuj tradermacy,0.0,0
s s s s s x ss s s s tradermacy,0.0,0
ptry naynay,0.0,0
taut daftar,0.0,0
dm,0.0,0
yaa,0.0,0
myranabella ipy,0.0,0
ka bbh cair,0.0,0
tolong cv pt elekro otomotif kumunikasi semuaa,0.0,0
doa panitia mbak doa buruk mbak harap,-14.285714285714286,-1
tau gaa maksud klaim study indenpenden,0.0,0
sampek nih fi suruh nunggu,0.0,0
emangnyaa,0.0,0
bal ye,0.0,0
tolong situs erorrrrrrrr,0.0,0
adminn tolonggg cekk dm akuuuu pliss butuh bantuaan upload sptjm sr plisss bantuin,0.0,0
myranabella,0.0,0
myranabella respon,0.0,0
izin hormat tolong bantu cair bbh mahasiswa revisi sptjm ikan bbhnya tolong langsung hidup mohon bantu sebesarbesarnya tolong perhati sulit uang cair uang salam merdeka ajar kampus merdeka,7.142857142857143,1
bilang revisi minggu resend berkalikali kaya dimasukin spreadsheet gaambil offering nama mohon banget inimah revisi dongkol loh makan kalimat tunggu revisi beres jelasjelas orang revisi benerbener bom resend sptjm maaf mohon banget nih beneran cek sebenarbenarnya,-2.7777777777777777,-1
iyaaa ni,0.0,0
myranabella tolong,0.0,0
tolong diperhatiin,0.0,0
myranabella,0.0,0
myranabella,0.0,0
oiii,0.0,0
bbh revisi sptjm nunggu submit mei loh,0.0,0
myranabella,0.0,0
dftr pilih usaha klik daftar muncul syarat templet sptjm rekomendasi maaf salah,-25.0,-1
daftar mitra,0.0,0
myranabella,0.0,0
magang loh masuk dunia kerja lupa cv friendly daftar msib,10.0,1
tutor magang didpr,0.0,0
wkwkk,0.0,0
halo ketidaktelitian panitia nih menginput nama mahasiswa revisi sptjm mahasiswa nyata mobilisasi terima bbh termin nama revisi sptjm mahasiswa tolak tawar magang terima nama masuk revisi sptjm coba panitia double recheck spreadsheetnya tau kesalahankesalahan wajar orangorang revisi revisi kena imbas bbh mohon timbang panitia temanteman terima bbh periksa spreadsheet tribe nama cantum terima kasih,5.555555555555555,1
tau download format surat rekomendasi sptjm magang terima kasih,33.333333333333336,1
magang merdeka mahasiswa on going s,16.666666666666668,1
magang bal,0.0,0
tau sih nasib aju cair termin allah sebal uji sabar,10.0,1
id bener,0.0,0
revisi cair,0.0,0
bantu sih,0.0,0
serang komentar jelek gais salam msib batch,-28.571428571428573,-1
catet say tanggal ny,0.0,0
yuk,0.0,0
aju,0.0,0
informasi batch lowongn dpr bukn si,0.0,0
cari bbh revisi sptjm cair,0.0,0
tuju kampus,0.0,0
kuy,0.0,0
yok sosialisasi besok jumat biar ngang ngong,0.0,0
termin telat naudzubillah kabar termin,0.0,0
pritttt bbh cair,0.0,0
catet wktunyaaaaa,0.0,0
iya pku biar haha,0.0,0
panitia msib kocak tau malu salah administrasi cair selesain bayar batch gaji nih bos senggol dongg,-12.5,-1
daftar kuat mental rantau haha,20.0,1
msib msib,0.0,0
buka mitra msib,0.0,0
doa aniaya terdholimi moga panitia anak turun kerja uang gaji sulit bayar aamiin koar koar program unggul bbh cair cair,10.0,1
riau,0.0,0
saran lokasi magang kota pekanbaru,0.0,0
ganti file transkrip nilai cv baharu kait dokumen sr sptjm lho mohon,8.333333333333334,1
cocok banget latih sabar,50.0,1
tolong mahasiswa aju revisi sptjm usaha cair lambat jumat minggu hutang banget magang hutang,-21.428571428571427,-1
sosialisasi msib angkat pemuda ajar merdeka semangat visi mari bangun inklusif daya saing kuat mitra wujud potensi gerak maju tuju gemilang sosialisasi msib angkat pemuda ajar merdeka laksana jumat mei wib ruang zoom taut daftar sosialisasi,11.11111111111111,1
minimal selesain bbh termin,0.0,0
maksud tembus sptjm,0.0,0
diksss,0.0,0
y,0.0,0
jurus kimia jarang banget msib,0.0,0
mitranyanya,0.0,0
woy bbh cairin anjir,0.0,0
isi komen wakil asa chuaksss,-20.0,-1
yahh bongkar bang,0.0,0
sad,-100.0,-1
dapet jodoh,0.0,0
yuk alam lupa cv friendly,0.0,0
yuk lupa cv friendly,0.0,0
bbh informasi msib bbh telat,0.0,0
anak studi independen dapet bantu,0.0,0
kepingin mahasiswa,0.0,0
s melaa gass,0.0,0
maksud tembus sptjm,0.0,0
msib paid unpaid,0.0,0
minnn pleasee waktunyaa kampus lamaa bangett persyaratannyaa,0.0,0
bayang si urus bbh kelar oprec next batch mah deh,0.0,0
minimal bbh cairin,0.0,0
habis baca komennya berfikir sial daftar,-16.666666666666668,-1
studi independen sertifikasi sertifikasi chuakszzzz,0.0,0
sib tukar ajar dampak,0.0,0
novv dapet kk,0.0,0
nih,0.0,0
adil alas,50.0,1
alas bbh cair,0.0,0
msib bbh ajak,0.0,0
informasi tribe mitra sii an sptjmnya tinggal mahasiswa revisi sptjm clear insyallah termin aju nak sptjm usaha jumat cair,-5.2631578947368425,-1
mohon evaluasi laksana program seleksi program selesai issue terima kasih,10.0,1
iya batch emang lancar rasain batch batch rasain ampas banget,0.0,0
alas msib bbh telat pakai banget janji palsu bbh cair admin laku both mulu,0.0,0
fyi batch panitia komitmen memvalidasi data daftar ragu gugur calon berkas salah berkas salah gugur alas error sistem kasih solusi sebenernya tuju bagus eksekusi nihil alas bbh lambat bawa bawa sptjm seleksi februari kemarin panitia ngapain,-2.7777777777777777,-1
harap kerja panitia msib niscaya kecewa,0.0,0
stupen dapet bbh yaa,0.0,0
baco komen,0.0,0
mitra tinggal,-50.0,-1
manifesting terima msib aamiin,25.0,1
baca komennya,0.0,0
beasiswa kjmu nerima bbh kampus ajar dapet niat msib,0.0,0
affa iya,0.0,0
baca komen bunf,0.0,0
iya cman produ d bolehin akuu smt huhu ngomong ngomong semangat kakk,8.333333333333334,1
udahh bisaa semester daftar batch,0.0,0
jalan smt,0.0,0
emang kaka semester,0.0,0
aamiin moga anak turun kerja bayar,16.666666666666668,1
duhh bom tau arah kanan kiri,-16.666666666666668,-1
cairin bbh miskin banget kota orang,-16.666666666666668,-1
bbh sulit hehe,0.0,0
ovt,0.0,0
gass wkkw,0.0,0
niat batch,0.0,0
data mahasiswa anak grup tele msib batch,0.0,0
msib usaha,-50.0,-1
minimal bbh cairin,0.0,0
prodi farmasi si,0.0,0
mohon baca mas tanggal sistem cair bareng berkelompokbukan individu hambat sistem kait sistem terima kasih,20.0,1
h selesai magang mas aju tanggal april cair sisa kasih informasi suruh nunggu mei mundur kerja mundur mei mundur revisi sptjm sptjm cut bener nyata revisi panitia bener ecek program,3.333333333333333,1
batin kali,-50.0,-1
cairin bbh,0.0,0
bbh woi,0.0,0
informasi,0.0,0
alas program kampus mengsabar ghosting telegram mute ruang aspirasi batas bbh caircair penuh drama gantung panitia msibnya moga aamiin,0.0,0
netsle,0.0,0
sabar butuh proses ribu langsung turun bener tervalidasi data,11.11111111111111,1
sptjm sptjm lagilagi sptjm selamat lumut desa orang,12.5,1
gamalu kahgaji dapet selesai program,0.0,0
bbh bom cair cair nihhh duhh,-16.666666666666668,-1
bbh p cair sekarat duit semangat ni,14.285714285714286,1
program elit bbh sulitchuakssss,0.0,0
sertifikat,0.0,0
h magang bbh cair astaghfirullahaldzim gaji kerja turun telat kah bikin mahasiswa telat,7.6923076923076925,1
solusi kampus,0.0,0
bbh nih spam komen pengaruh cair aksi,14.285714285714286,1
wkwkwk,0.0,0
nang,0.0,0
alas bbh cair wkwkwk,0.0,0
good,100.0,1
alumni msib x bayar orang rejekinya beda,0.0,0
alhamdulillah ngikut msib bach bbh lancar bro,0.0,0
tau tau,0.0,0
ehem bbh,0.0,0
alas lapar php,0.0,0
ajar kelas lulus langsung kerja ketimbang pusing,0.0,0
sistem cair bbh siksa,-25.0,-1
bener,0.0,0
moga sengsara msib batch,0.0,0
studi independen bayar bener nih,0.0,0
bph,0.0,0
sengsaraa,0.0,0
utama dapet duit bosss,0.0,0
gegabah,-100.0,-1
alas bbh cair,0.0,0
dengerin,0.0,0
suka lapar rekomendasiin msib bbh ceilah,16.666666666666668,1
lapar,0.0,0
bbh dicantumin gaung sosialisasi,0.0,0
tolong,0.0,0
tunggu sedih,-50.0,-1
bbh gais cair hati gais bener gantung bbhnya,12.5,1
revisi proses bbhnya,0.0,0
aju non beasiswa cair mohon bantu,0.0,0
batch dapet bbh,0.0,0
wahhh arti msib uang saku,0.0,0
jahat banget,-50.0,-1
hahahaha kann berani bawa embel embel dapet duit emang sengawur bro asli,16.666666666666668,1
mitra medan,0.0,0
tolong cair bbh aju bilang diskriminasi cair nyata hoax butuh uang tahan hidup kota orang,-13.333333333333334,-1
kayak,0.0,0
tolong,0.0,0
program bagus laksana utama cair bbh diskriminasi,0.0,0
daftar semester magang ny smstr,0.0,0
bbh termin aju semangat dampak beda informasi surat perintah cair perintah mahasiswa berkas tunggu revisi moga cepat cair,11.11111111111111,1
lombok,0.0,0
kabar mahasiswa revisi sptjmnya kasih kamis mei revisi mundur cair bbh termin revisi arti cair termin mohon terimakasih,0.0,0
alas msib bbh telat,0.0,0
moga smt daftar,0.0,0
dzalimnya kacoba diceritain,0.0,0
klik centang klik,-33.333333333333336,-1
upload sptjm sr klik menu klik penguploadan,-14.285714285714286,-1
proses ulang bbh aju banget sih,-16.666666666666668,-1
yaa maanaa tau bilang ketat nyata yaa lihat,0.0,0
kereeenn,0.0,0
revisi sptjm salah langsung buang beda sptjm lho sptjmnya gagal masuk kandidiat mitra coba jelasin,-13.333333333333334,-1
izin nambahin bro seleksi ribu calon kena cut off alesan sptjm error biar cair dana bbh nyata mahasiswa revisi sptjm bijak seleksi ngecut off ribu mahasiswa jalan program revisi sptjm fair,3.225806451612903,1
sptjm revisi masuk program sptjm bener revisi msib banget si,0.0,0
maksud tebus kepala prodi sptjm,0.0,0
iya anjir revisi minggu,0.0,0
izin ka ngerevisi sptjm,0.0,0
minimal plin plan panitia msib oiya lupa ngerti nasib bbh cair orang kerja kerja ttp gaji program msib ngikut hue emang bener kategori dzalimi doa moga mahasiswa msib aju sehat rejekinya alir moga hidup diskriminasi moga orang tua sehat lancar rezeki lancar cerah orang nan,4.444444444444445,1
minimal sok jual seminar inspiratif jembt bbh beres heran korupsi sih,0.0,0
ketar tir bilang cemas kau deck,-16.666666666666668,-1
ginjal kau pecah bbh emang telat asu coookkk emang korupsi bilang kedok kerja data mahasiswa jaga buka batch malu coookkk,-10.0,-1
fyi dapet informasi grup kampus cair bbh aju tunggu perintah cair perintah perintah cair emang anak aju sabar kuat beda gni,9.523809523809524,1
serius sih surat perintah masak tinggal stample tanda tangan cair ngapain nunggu jumaat woi,-7.142857142857143,-1
bacot panitia kerja gkada hasil sok buka batch,0.0,0
bbh aju dicairin minggu tau panitia bgst salah sptjmnya nunggu revisiotak hei sumpahin idup susah nnti,-12.5,-1
revisi sptjm tanggal masuk pesan poin kirim grup tele iyaa parah banget sih anak ngomong ngomong pesan hapus panitia msib,-5.0,-1
permisi cerita inspiratif bbh butuh konsumtif tolong beritahu atasanya masak amet urus msib buka noh telegram mute bungkam banget kerja bakak nyerocos bukti,4.3478260869565215,1
yyya,0.0,0
update bbh p tidur ygy,0.0,0
bicara manusia pakai kepala dingin akal anak batch habis biaya panitia salur bantu hak,0.0,0
survey cobak evaluasi batch,0.0,0
tolong berita senang tolong sedih bbh bom cair,-12.5,-1
woi bbh,0.0,0
bbh,0.0,0
woii bbh guaa,0.0,0
hallo share nama anak revisi sptjm biar teman thaank,0.0,0
hallo share nama anak revisi sptjm biar teman,0.0,0
darma mil keren,33.333333333333336,1
informasi bbh,0.0,0
p nunggu proses kerja sih suruh cek email tuh email kait bbh zolim banget mah,6.666666666666667,1
ganti admin ganti,0.0,0
keren,100.0,1
beasiswa ttp cair,0.0,0
nasih pian ni,0.0,0
kerja disamain sptjmnya,33.333333333333336,1
mantap banarr tribe,0.0,0
bbh p astaga jahat banget ni panitia deskriminasi,-12.5,-1
hah ganyambung,0.0,0
rek bsi banyam gagal yak,-20.0,-1
yaampun bbh ngumpulin revisi sptjm nasib nunggu orang ngumpulin cair cair paksa pinjol tahan hidup bentar magang kelar hak bbh tolong ditindaklanjuti,9.090909090909092,1
bang mejeng,0.0,0
beswan terbaeekkk nih,0.0,0
mantapp tribe kitaa,0.0,0
upload dokumen situs gagal alesannya koneksi inet cepat,0.0,0
banget pas nyata golong aju aju bbh perihal administratif perihal cair nyata coba konsisten plin plan,0.0,0
muhammadiqbal wkwkwkw ye,0.0,0
hmmmmmmm,0.0,0
pakai war tiket coldplay dicairin dapet gaji,0.0,0
korup sih sih bener kerja kaca batch parahh,0.0,0
hallo teman aju revisi sptjm yukk lapor kait laporgoid laku tunggu msib gantung ulur aju lupa lampir bukti msib janji kait bbh muncul stigma msib bbh aju proses ulang program hak bayar,-3.125,-1
bbh termin aju yah,0.0,0
x,0.0,0
banget nge lapor akun,0.0,0
beasiswa aju ulang revisi gelombang mei lihat ntah mei,-11.11111111111111,-1
yyya followup email email reversal komen h kamis besok batas mei evaluasi kerja kah,0.0,0
batch ganti nama program volunteer studi independed sertifikat magang duit,0.0,0
iya email reversal gagal kirim rekening mahasiswa pas followup truss template selesai mei,-7.6923076923076925,-1
update sptjmnya revisi template revisi deadline mei updatenya cek sptjmnya maaf nih ketat urus surat surat undur moga baca terimakasih,-5.0,-1
maksimal kali,0.0,0
sptjm revisi updatenya,0.0,0
emang kumpeni nih lirik kack,0.0,0
tinggal tunggu berita bbh cair orang mahasiswa unuh daftar batch magang merdeka was was yak,0.0,0
pantesan mitra cari bolak temu nyata buka yah,0.0,0
terima kipk bbhnya,33.333333333333336,1
boroboro semangat hak kasih,75.0,1
baca masuk nerakaaaaa bikin sengsara idup orang,0.0,0
mari sumpahin ngurus bbh moga susahh hidup biar hidup rantau duit batas tuh,-7.6923076923076925,-1
fix mah mei cair,0.0,0
cair kirim revisi,0.0,0
miin kirim revisi nunggu anak revisi cair kirim tolong tau,0.0,0
tunggu,0.0,0
yaampun,0.0,0
bc telegram revisi nunggu anak kirim revisi,0.0,0
kisah inspiratif followernya k,25.0,1
daftar batch mndinng pikir dehjng tipu dblng bbh cair,-11.11111111111111,-1
anjir,0.0,0
mitra mah senengseneng dapet tenaga kerja gratis urus xixixi,22.22222222222222,1
yhc proses yak tuju batch pantengin situs magang merdeka,11.11111111111111,1
bgst emang pikir perut sndri,0.0,0
ahahaha ae pian nih,0.0,0
hallo ri nyata nyata sosialisasi absensi gaji cair bbh sulit program isi merdeka kali beban program,0.0,0
cair ri,0.0,0
hallo jadwal cair termin email revisi sptjm lambat lihat email kirim,-9.090909090909092,-1
cek si cek sekaliannn habis ongkos semangat ni,12.5,1
sakit hati panitia msibgw sumpahin disusahin hidup turun,0.0,0
keren bang buzzer msib,25.0,1
halah keakehan cangkem moga hidup sulit yaa lancar gaji lancar hidup bahagia biar orang derita bahagia hidup makan biar sehat pastiin makan hasil halal,4.166666666666667,1
bener bener panitia aju kaitanya proses cair pengajuam br dana nunggu surat perintah cair nunggu april april cair mundur tanggal mei suruh nunggu kerja nunggu suruh nuggu deskriminasi banget si kelar magang persen hak bbh,2.857142857142857,1
yyya inti panitia msib batch tenang keruh kalimat manuk nurul masuk fiqri,8.333333333333334,1
template,0.0,0
template,0.0,0
keren motivasi cerita bbh aju cair pinjol tahan hidup makan minn,9.090909090909092,1
mohon balas,0.0,0
harap hormat bbh cair mohon non revisi revisi informasi cair terimakasih,9.090909090909092,1
kerja gabecus panitia msibbisanya p cross cek skrngkmrn ngapain tidur gaheran ketua msibnya kerja libur,6.666666666666667,1
tolerir sih,0.0,0
sih nunggu,0.0,0
mahasiswa revisi sptjm siksa,-25.0,-1
iya proses ulang kerja yaallah tolong kerja tolong aju gantung nang gara bayar pinjol,0.0,0
revisi brapa sih mriksa,0.0,0
yyya mriksa revisi sptjm brama sih cman lembar loh anak rrvisi ribu cman an bnget urus,0.0,0
revisi sptjm samasama tunggu,0.0,0
yyya revisi dana cair,0.0,0
magang revisi sptjm informasi,0.0,0
msalahnya revisi sptjm rabu kerja proses bbh skrang,12.5,1
magang revisi tanggal mei revisi informasi kena cair bbh,0.0,0
halo informasi bbh revisi sptjm mei harap informasi cair bbh revisi sptjm mei terimakasih mohon,0.0,0
lapor kpk,0.0,0
kocak banget garagara wakil mahasiswa sptjm eh kena,-12.5,-1
mohon rin bantu diup alasanya bosen banget,0.0,0
halo aju rekening valid revisi sptjm salur bbhnya kecuali gagal transfer bank salur h salur bbh salur rabu jumat senin data gagal transfer kamis informasi mahasiswa gagal,-3.703703703703704,-1
studi independen bbh bang magang,0.0,0
sembah sujud cair bbh jujur janji manis kalah takdir tuhan,30.0,1
mohon bijaksana mind jujur batch parah msib ikutin,12.5,1
kacauu sistem kacau penuh kedzaliman,-20.0,-1
yhc,0.0,0
tolol template,0.0,0
yyya mei hak,33.333333333333336,1
halo kabar revisi sptjm tanggal email pemberitahuan tolong info tanggal cair,0.0,0
muak banget minkebanyakan drama,-25.0,-1
email template tenang,33.333333333333336,1
izin tag mohon maaf sopan hormat tolong baca komenan mahasiswa bbh cair tunggu magang selesai bbh termin cair bbh termin tolong ikan hak tolong kawal bbh tangan termin termin terimakasih moga baca,6.25,1
iya pulsa elah,0.0,0
batas sabar jujur muak banget,0.0,0
percaya adik adik postingan gimik citra nyata teman teman batch bbh cair kena php sesuai kalimat alesan inti ketidakadilan nyata batch magang kaya karyawan jobdesknya butuh duit transportasi makan butuh realistis,6.451612903225806,1
keren,100.0,1
kerja rabu kemarin brarti senin kemarin dongaksimal cair kredibilitas tepatin janji,18.181818181818183,1
kemarin cek email sih sih butuh,0.0,0
email kerja rabu brarti maskimal senin kemarin cair sih kredibilitas panitia pegang,8.333333333333334,1
crosscheck berkas minggu minggu cair sih kemarin kemarin ajaaa batch bahan evaluasi panitia sih kasihan anak bangsa,-5.882352941176471,-1
bacooott muak jujur,0.0,0
waw kereen bangg,0.0,0
halo via email bbh aju proses ulang bayar bayar terima beasiswa moga salur semangat jalan magang,6.25,1
halountuk mitra kunjung platform,0.0,0
halo informasi kait bbh kirim via email mohon cek email tinggal infoinfo msib,-7.6923076923076925,-1
halo aju terima beasiswa cair bbhnya,16.666666666666668,1
uo,0.0,0
halo via email bbh aju proses ulang bayar bayar terima beasiswa moga salur semangat jalan magang,6.25,1
halo via email bbh aju proses ulang bayar bayar terima beasiswa moga salur semangat jalan magang,6.25,1
admin pantiia msib kerja capek bayar magang capek kerja bbh telatminimal empati tanggung adabayangkan anak mu diginiin terima,16.666666666666668,1
admin pantiia msib kerja capek bayar magang capek kerja bbh telatminimal empati tanggung adabayangkan anak mu diginiin terima,16.666666666666668,1
sayang banget yhc mitra msib kalimantan,16.666666666666668,1
revisi revisisptjm aman dicairin msib,20.0,1
wihhh abang ketuaaa,0.0,0
dusta sidin ai,-33.333333333333336,-1
wahh si ketua tribe,0.0,0
permisi kakak aju progres kasih kah sistem birokrasi sesuai prosedur cair sesuai prosedur janji pakat apresiasi program bagus pelaksanannya rapi staff capek resiko kerja temanteman tanggung resiko bijak ghoib msib mohon maaf curhat speak stress hehehekalo bpjs ketangakerjaan mitra tidak-apa-apa tahan tanggung semngatss tunggu hak aju cair klarifikasi hmmmm dm gmal balas terima kasih baca sehat awas lelah kerja stress resiko sih semangat terima kasih,8.695652173913043,1
bbh revisi sptjm mei kemarin cair uang transport pakai uang makan uang sendirigimana,0.0,0
keren ketua tribe,33.333333333333336,1
tau cerita inspiratif relate banget mostly intern msib coba tanyain anak magang middle lower economy ngerantau metropolitan harap dapet upah skill balance nyata dihadapin hutang gara cair bbh akibat overthinking jalan magang akibat tekan,2.9411764705882355,1
waduhhhh,0.0,0
bnget mitra dapet,0.0,0
komennya d blas tunggu d notuce sam media lakuin proyek roro jongrong provinsi belah,-7.142857142857143,-1
mantapp broww yok jgaa,0.0,0
nih kisah,0.0,0
kisah inspiratifku angkat sih tunggu bbh cair lebaran mei cekik kota orang makan berfikir berfikir duit tipis berangkat magang berfikir berkalikali bete profesional hadir semangat bbh cairr zzz tolongin anak aju,3.225806451612903,1
wisss,0.0,0
sumpah tertawa nasib,33.333333333333336,1
yyya bbh bbh,0.0,0
hahahaha siappp,0.0,0
tutup mata kaya,33.333333333333336,1
hahahaa tertawa,0.0,0
asli,100.0,1
dokumen aman duit cairntah dikemanain duit panitia,14.285714285714286,1
hmm sabi nih,0.0,0
bbh aju cair,0.0,0
gila si masuk hahahah,-25.0,-1
x program kampus merdeka solusi,20.0,1
termin aju kabar nunggu,0.0,0
wqwq,0.0,0
dokumen aman taat atur cair emang rezeki,28.571428571428573,1
tau si akku revisi cair jgbiasanya revisi sesuai template nulis nerima bea,8.333333333333334,1
bingung lapor bbh telat,-25.0,-1
sebenernya tuh komen digubrisditanggepin sih,0.0,0
sptjm kena revisi ka,0.0,0
dtngnin kantor msibnyaa kemendikbud sekkalian sptjmnya,0.0,0
allah revisi sptjm tanggal mei cair,0.0,0
cerita inspirstif percaya omong panitia msib bbh p cairudh pinjol panitia gapeduli samsek,7.6923076923076925,1
widihhhh,0.0,0
loh loh loh,0.0,0
tanggal dapet revisi sptjm bbh cair,0.0,0
yhc mitra usaha buka batch v affakach mentor kena dampak magang batch iv klarifikasi,-7.142857142857143,-1
main tribe,0.0,0
mei,0.0,0
balas,0.0,0
cair bbh,0.0,0
cerita inspiratif ku msib batch sulit hidup kota bbh kunjung turun,9.090909090909092,1
kasihan diliatin bagus jelek diliatindijadiin bahan evaluasi,-14.285714285714286,-1
next kisah inspiratif teman aju susah tahan hidup magangrantau hak bbh cair angkat kisah inspiratif mohon,6.25,1
nih pakai akun asli butuh nama lengkap detail dm bbh woi,0.0,0
yyya minnn dengar seru hati plissss,16.666666666666668,1
yyya,0.0,0
gila angkat kisah ttg evaluasi sistem magang merdeka langsung nurnin daftar batch,0.0,0
ni panitia kang ghosting banget trnasparan ding sistem bobrok,-22.22222222222222,-1
yyya mbak si hhosting,0.0,0
uwaw ketua tribe kitaa nih,0.0,0
sabar kang,50.0,1
bbh yatuhan,0.0,0
inti parah emang panitia,-25.0,-1
ommo tribe,0.0,0
kakkk,0.0,0
iyaya adu,0.0,0
wesss mboh raurusann meh lihat kisah inspiratif pokok bbh ku buru cairno ndes,7.6923076923076925,1
pliss bbh minn aju tolong bangettt yaaallahhh,0.0,0
alah kali cerita bbh,0.0,0
cairin bbh mohon,0.0,0
bbh anak revisi sptjm mei,0.0,0
sabar insyaallah langsung cair malam mimpi,16.666666666666668,1
lapor kpk,0.0,0
mantap nih,0.0,0
takut banget dibiarin,-33.333333333333336,-1
mbak hikmah,0.0,0
batch aman ko cair selagi dokumen penuh syarat adamaju,11.11111111111111,1
kang ghosting lhat panitia msib angkat,0.0,0
anjay,0.0,0
bbh cairrrr ygyy mohon nyekik banget biaya astagfirullah,0.0,0
izin yhc angkat msib buka daftar,0.0,0
yok ramai cerita inspiratif versi,0.0,0
affh iya cerita inspiratifku angkat sabar luas bbh cair cair bayar kos cekek,15.384615384615383,1
dzalim banget allaah,0.0,0
waaaa,0.0,0
bntar masuk postingan msib,0.0,0
cerita inspiratif versi ku tunggu bbh turun mei dijanjiin tba revisi berkas pas selesai giat cair chukasss,11.764705882352942,1
setia coba mahasiswa bbh aju,20.0,1
waw,0.0,0
iya gadibayar mitra bbh mitra kasih mitra,14.285714285714286,1
maaf emang mitra bayar magang pure bbh perintah,0.0,0
uang,0.0,0
woe,0.0,0
cek email bilek nih aju cair,0.0,0
nih bang nampak hilal cair,0.0,0
nih bang,0.0,0
bang cair,0.0,0
yyya jlly cair,0.0,0
hallo ri transparan efektif kelola program bangun program kampus merdeka msib panitia pusat perhati aspekaspek cair bantu biaya hidup bbh ketidakmerataan cair bbh serius mahasiswa butuh dana dukung butuh hidup kampus cipta ketidakadilan mahasiswa ketidakpuasan panitia pusat komitmen kelola cair bbh transparan adil cepat mahasiswa lantar nyata panitia nyata belit timbul bingung ketidakpercayaan mahasiswa mahasiswa hak informasi perinci kena program paham harap program jalan sosialisasi sesuai harap mahasiswa perhati panitia laku sosialisasi program mahasiswa paham manfaat prosedur kait sosialisasi efektif bantu meminimalisir kesalahpahaman tingkat partisipasi mahasiswa program program kampus merdeka msib milik potensi aspek cair bbh nyata perinci sosialisasi efektif,3.0,1
aju,0.0,0
kemarin bilang potong aman,25.0,1
sok niat mah berfikir duit,-20.0,-1
drama cairr aju,0.0,0
nii,0.0,0
yailahh sok bangett sii puput,-20.0,-1
arti mahasiswa tabung magang,0.0,0
alhamdulillah deh kakanya alhamdulillah kakanya bom untung mbak nyiapin dana mbak deh debat poin mbak ambil pov coba ambil pov orang sebetuntung mbak mbak,0.0,0
lowong magang medan,0.0,0
kaya mbkm deh,33.333333333333336,1
njir gagal tf salah dana mbkm bank bri senin,-22.22222222222222,-1
aju cair kah,0.0,0
daftar pas klik maks kali,-20.0,-1
maap komen pakai ig magang cair sih temen gondrong cair kasihan banget,-8.333333333333334,-1
gausaaa,0.0,0
arti batch kemarin lowong,0.0,0
cerita lihat inti rb mahasiswa kecewa sih bacth magang kota mikir deh duit jt idup rantau,-6.25,-1
iya dapet bbh bantu biaya hidup uang butuh magang hak telat cair termin cair jalan cair khusus rantau butuh biaya hidup da gratis hidup kota orang kecewa cair cair pinjol gadai barang masuk kantor ongkos,5.714285714285714,1
gasss,0.0,0
yp bandung jalur gratis,25.0,1
coba cerita kisah eh ko,0.0,0
bilang orang kondisi beda alhamdulillah nyiapin dana ngerantau orang nyiapin dana darurat cmn salah hak ny diturunin inti gd salah mahasiswa bbh diturunin kondisi orang gd tau beda alhamdulillah kasih rezeki serba wajar kk pikir cmn langsung temen magang rasain,2.5,1
ngomong ngomong ngerantau pikir tau magang,0.0,0
gais beasiswa non perintah nyata beasiswa sptjm tuh keteranganya memperolehtidak beasiswa perintah sdgkan beasiswa kse,0.0,0
informasi cair,0.0,0
tolong,0.0,0
dumpz kayak iya deh eh tau,0.0,0
dumpz nyiapin,0.0,0
situs,0.0,0
banget mbak orang ekonomi,0.0,0
dumpz template sr sptjm,0.0,0
iya,0.0,0
okeee terimakasih,0.0,0
pantengin situs mbak buka diposting ig informasi,0.0,0
email kait susun proposal mitra,0.0,0
sabar yaa bang weekend megang duit nih,14.285714285714286,1
oalahh arti tibggal tunggu caiirr turunn kokk,0.0,0
kakak surat kah,0.0,0
brrti sr sptjm template cmn beda tulis batchnya,0.0,0
iya email ttg bbh proses nihil,0.0,0
aju emang kendala sptjmnya update bau bbh masuk rekening,-11.11111111111111,-1
magang temen ku aju samsek,0.0,0
tementemennya aju dapet,0.0,0
semuaaa skip,0.0,0
kakak rajin isi logbook lapor mi gguannya udahh tuju mentor,10.0,1
parah samsek,-50.0,-1
aju cair,0.0,0
informasi aju cair kah,0.0,0
cair p butuh uang biaya tahan hidup gaadil sesi aju beda beda,0.0,0
cair p butuh uang biaya tahan hidup gaadil sesi aju beda beda,0.0,0
bom,-100.0,-1
asw p cair,0.0,0
alhamdulillah gantung sorry banget yaaa magang pakai uang sih kondisi nyiapin dana full nyiapin dana tahan hidup rantau nyambung hidup cmn msib batch evaluasi batch iya ulangin salah ulang batch,-10.0,-1
sih msib tau nyiapin inisiatif dana darurat sorry banget bilang anak msib ngutamain bbh ketimbang ilmu realistis rumah magang minimal butuh ongkos pp rantau magang pikir biaya otomatis kos bbh jatohnya hak bonus wajar cair cair banyangin magang tinggal cair kk tau kondisi orang beda beda,0.0,0
halo tolong aju cair hedeuh,0.0,0
aju woi gangaruh pencaiiran kkecewa bbgt msib batch diomonging bullshit mentang cair p dianatirikanbt anak beasiswa mending berfikir deh bt program diskriminasi transparan,-4.3478260869565215,-1
batc tau,0.0,0
firmansyah duit tau dikemanain,0.0,0
bbh aju,0.0,0
bbh telat diskriminasi cair hahakatanya nomor aju pengaruh waktuu cairbatch bnyak bullshitnya,0.0,0
batch buka program bom,-25.0,-1
dumpz batch atur x inti batch sr sptjm salah revisi ulang,-18.181818181818183,-1
jlly,0.0,0
batch apasih mbak janji bbh tuntut hak mbak dijanjiin salah tuntut hak orang orang orang dapet magang berat bantu mbak orang duit simpan ekonomi bbh hak juang,0.0,0
aju belomc cair anaytiriin gwyg sakit lambung nunggu minggu lgijahat bngt si,-8.333333333333334,-1
si gaadaa nyaa,0.0,0
yourpage inti,0.0,0
cair kah,0.0,0
dev bantu surat terang aktif kuliah cuti chat team masibnya bot chatnya,8.333333333333334,1
aamiin serius,-50.0,-1
kemarin hbis serbu bang makan diem berani muncul adminnya,0.0,0
mahasiswa inisiatif uang darurat,0.0,0
gantung perintah emang suka,25.0,1
tolong termin lupa ngamuk suwun,-20.0,-1
aju cair taugila hak ngemis,20.0,1
nama perintah kendala wajar banget mahasiswa inisiatif bawa uang darurat magang loh gaiss utama ilmu dapet uang,0.0,0
termin turun,0.0,0
semester cuti semester masuk daftar,0.0,0
terimakasih mimin,0.0,0
terima kasih moga termin cair program selesai,28.571428571428573,1
butuh komitment kuat,33.333333333333336,1
iya posisi tahap,0.0,0
nahh denger mah usaha sistem makan pilih,-14.285714285714286,-1
daftar magang,0.0,0
pintar bahasa inggris msib,25.0,1
kaya tahap informasi,33.333333333333336,1
iya mbak ig infoin,0.0,0
buka,0.0,0
sulit usaha,-50.0,-1
buka,0.0,0
aju tolong responnya,0.0,0
haiaku wkk,0.0,0
telat ngotak,0.0,0
update tntng msib ye proses buka loh,0.0,0
informasi msib batch buka daftar,0.0,0
nunggu informasi msib nunggu,0.0,0
aju tolong anak beasiswa buutuh duit woiiri,0.0,0
hadir,0.0,0
next batch kecewa kerja tim msib ribu mahasiswa lilit pinjol gadai barang harga batch termin lambat,-6.25,-1
aju bom ni,-33.333333333333336,-1
aditia ingfo,0.0,0
aditia,0.0,0
sulit msib,0.0,0
pokok daftar msib batch,0.0,0
cepetan cek gmail nyaaa,0.0,0
informasi ttg msib,0.0,0
emang soalny,0.0,0
mantap moga bbhnya,0.0,0
iya wey project,0.0,0
sampek kiamat,-50.0,-1
k lumayan wkwkwkw,33.333333333333336,1
eh jakarta bandung ta cari lokasi surabaya,0.0,0
moga amanah part magang,0.0,0
bangga program uang saku alam kerja,33.333333333333336,1
informasi pmm lihat ig pmm ig msib,0.0,0
kadung kecewa,-50.0,-1
pret,0.0,0
situs ku kosong,33.333333333333336,1
p kaa,0.0,0
informasi aju cair,0.0,0
ye bolee,0.0,0
aamiin,0.0,0
ka blh dm kait msib,0.0,0
kabar pakai bsi ni kespam email lpdp error solusi kah pakai rekening bank harap mah bsi,-6.25,-1
dumpz iya sr sptjm,0.0,0
terimakasih kerjasamanya,0.0,0
tolong aju,0.0,0
informasi gmailmakasii,0.0,0
sr sptjm batch informasi,0.0,0
moga siangsore,0.0,0
informasi msib kaka,0.0,0
informasi sptjm eror non mobilisasi mei cair,0.0,0
akuuu,0.0,0
xixixixi senang habis,33.333333333333336,1
maacii mimin,0.0,0
related minimal hidup bulannn,0.0,0
banget om tunggu,0.0,0
anak magang berfikir nyiapin dana emang msib suka telat cairny batch banget mei bom cair,0.0,0
makasii bang,0.0,0
akuuu,0.0,0
lha buka,0.0,0
aju bapakibu panitia,0.0,0
info termin,0.0,0
cieee janji khawatir serang update,-20.0,-1
tahap bang banget batch job,0.0,0
update yah,0.0,0
nitip,0.0,0
timaaci luv moga besok saldo ku yaah xixi,0.0,0
moga,0.0,0
nyiapin ka bbh emang banget cair magang feb juni mei cair arti selesai periode magang,0.0,0
si dapet bbh kasih bantu kuota,16.666666666666668,1
bom,-100.0,-1
magang angkat opsi yaa,0.0,0
ok tunggu masuk kelompok transfer gagal moga minggu cair deh,-10.0,-1
nyiapin expect cair cair,0.0,0
sih nyiapin modal uang darurat,0.0,0
tukar mahasiswa,0.0,0
informasi bantu biaya hedon bbh,0.0,0
aju cair asli nyekek banget bayar kos,14.285714285714286,1
next batch kasih pemberitahuan daftar modal ngekos biaya hidup bbh cair,9.090909090909092,1
pwnring,0.0,0
mahasiswa keluh gadai bpkb motor barang hidup rantau berfikir situ usaha bbh cair cepat urus daftar lambat kaya kasihan temen hidup sndri rantau masuk makan mie hidup kota orang,-3.4482758620689653,-1
cair bbh woy,0.0,0
know,0.0,0
bbh cairin,0.0,0
hak magang kampus merdeka bbh bantu biaya hidup proses tunggu janji iya batch hak hak jalan program butuh biaya transportasi tolong usut tuntas hak tolong awas kerja bbh turun cair cepat panitia msib ri kpk televisi,11.11111111111111,1
cairin bbh pulsa,0.0,0
kuat mbak kesel kuat,25.0,1
enas masyaallah,0.0,0
kaks,0.0,0
sesuai nama merdeka nama,50.0,1
cair bbh woi biarpun magang kasih tugas kerja anggap remeh biarpun dapet alam magang butuh duit tranfortasi kantor uang makan kantor jam kali makan sarap mah lapar transportasi uang makan pakai duit pribadi nih tolong cair,0.0,0
informasi bbh,0.0,0
awoakakqoak siall,0.0,0
ri ri,0.0,0
ri,0.0,0
ri,0.0,0
msib batch mohon bikin stress berfikir survive kota orang pakai duit duit magang bayar bayar,-6.666666666666667,-1
tolong pakk selesai segeraa proker,0.0,0
bbhnya,0.0,0
izin numpang curhat,0.0,0
mudik lebaran looooo,0.0,0
toloong enak duit ortu,25.0,1
harga beda kabar nih mahal,0.0,0
dil curiga praktik korupsi bbh program msib batch kemarin molor parah,-27.272727272727277,-1
sekira lihat keluh kesah msib,0.0,0
berangkat transportasi pulang jalan kaki nih gr gr bbh turun,0.0,0
woi bbh,0.0,0
gabisaaa,0.0,0
bbh,0.0,0
hormat urus magang merdeka jajar bpkibu tolong ikan cair bbh pesan mahasiswa jerat pinjol bilang bbh bonus alam progam cari alam munafik bonus kalang atur msib tera magang biaya undang cantum uu ketenagakerjaan ayat situ tera gara milu rumit proses pakibu barangsiapa sulit orang allah sulit kiamat albukhari tanam otak moga hidup tenang pakibu trimakasih pakibu,1.7857142857142858,1
i tumbal,0.0,0
tolong kait bbh,0.0,0
teman bbhnya pakai thr karyawan yh kh,0.0,0
woii bbh woi,0.0,0
admin informasi slot gacor ganti bbh,0.0,0
tuju banget program iisma telat emang negeri tabung digit digepak glandangan program diperhatiin,0.0,0
mei nyata batch paro barenganmakin bkin,0.0,0
bbh bbh janji,33.333333333333336,1
aduh kasihann yanggg ngerantau,0.0,0
assalamualaikum selamat pagi temen informasi kena zoom meeting sore kemarin laksana msib kampus merdeka tribe batch iv kali diskusi laksana kena cair bbh dasar informasi kampus merdeka aju cair bbh magang merdeka termin cair termin termin cair bbh termin mei hitung feb mar april cair bbh termin hitung mei juni lancar proses cair bbh termin tementemen harap lengkap dokumendokumen platform kampus merdeka rekening valid sptjm sr isi logbook acc mentor masingmasing lampir taut recording zoom laku sore samasama paham alur cair bbh terima kasih erti tementemen,0.0,0
bbh termin mei waduhhh gimanaaa,0.0,0
jadj jumpa ayng,0.0,0
fungsi isi responden batch suruh kritik saran ubah buk kasih kritik saran buruk,-7.6923076923076925,-1
rantau jerit,0.0,0
tribe mu kemarin ngezoom msib tribe zoom,0.0,0
tau dapet informasi zoomnya mitra informasi samsek tau,0.0,0
bbh bbh,0.0,0
iya kuat tahan asam lambung,0.0,0
loh anak buah kerja janji janji mulu,28.571428571428573,1
duit puter,0.0,0
suruh doa moga kuat panitia,20.0,1
nama bbh diturunin si bantu biaya hidup duid keburu mati si wwk,-8.333333333333334,-1
iyya bener bayang mohon kota ngerantau rumah ngeharapin banget hak sptjm tau bermaslaah and even solusi implementasi real,5.555555555555555,1
politis janji,50.0,1
tampubolon lebaran medan,0.0,0
barangsiapa janji orang muslim laknat allah malaikat manusia terima taubat tebus bukhari muslim sungguh allah tancap bendera orang khianat kiamat khianat fulan bukhari nomor muslim nomor,7.6923076923076925,1
gaya elit cairin hak sulit chuakkkkkksss,16.666666666666668,1
bayang gas pulang lebaran nunggu bbh cair kasihan banget,-11.11111111111111,-1
adminnya langsung tutup mata,0.0,0
bener banget samping alam butuh uang makan bayar macem pikir gratis kali sma msib batch kemarin,6.25,1
hak bilang bonus coba deh panitia msib gaji telat habis bilang sans mah gaji bonus alam wtfff yaa kann,10.526315789473683,1
in,0.0,0
alumni batch jujur scaptis sma batch mentor akses akun msib validasi lapor bbh kritikal sudh atur sptjm matra tanda tangan mahasiswa msib parah si benerbener rugi anak magang msib seindo yok pakbu gerak sdm unggul panas terik hujan badai nerjang program tolong harga pakbu hak bonus,4.3478260869565215,1
ngomong tikus ngab,-33.333333333333336,-1
sabar cham,50.0,1
ayo bbh cair beli laptop magang bayar cicil laptop seret banget,-9.090909090909092,-1
nadiem nyantai pakkkk tolong,0.0,0
urus bbh mending stop deh adain msib tuju bantu mahasiswa sistem pikir rantau bayar kosan jakarta ongkos orangtua nanggung kirim rantau bbh cair jadiin kerja wfh smuanya nyusahin banget,3.4482758620689653,1
minnnnn mimin bayar kasih sih cair bbh program loh batch kemarin dramatis salah sih dikitdikit nyala lengkap dokumen cair zoom tenang bingung sdm panitia kampus merdeka sih,0.0,0
libur bbh bonus tolong bbh hak panitia anggap bonus harap pulang lebaran makan seharihari tolong penuh hak sesuai janji sistem batch progam progam batch utama bbh,15.384615384615383,1
yallah sulit hidup orang tolong cair hak,14.285714285714286,1
minimal kasih informasi sosial media ny biar transparan informasi simpang siur ttg bbh gantung sebentar mudik inti tolong panitia msib janji janji bukti,13.043478260869565,1
tolong msib cair bbh berangkat bilang orang tua biaya hidup tanggung repot repot ehh nyata sesuai ekspektasi uang orang tua lanjur malu gara gara cair bbh,-3.8461538461538463,-1
cuaks,0.0,0
pulang kampung ongkos bayar kos makan tau ortu ortu tau mending nge rantau,0.0,0
pinjol makan jakarta bayar makan gbisa pulang kampung ketemu gara ongkos mjnta ortu ortu tau mending kerja magang mandiri kuliah,5.0,1
boro boro mudik mah sad,-20.0,-1
nge rantau paksa pinjol kemarin kirain turun nyata zonk bayar pinjol pulang kampung tau makan mei tau berfikir x mending magang mandiri kerja ngundurin bayar bbh ih parah banget,0.0,0
ngeteh ngetagnya belah ajaa,-25.0,-1
bbh,0.0,0
lihat keluh kesah mahasiswa msib,0.0,0
seret,-100.0,-1
tolong resah komen baca alas keluh kesah pusat bantu komen denger pusat bantu situs merdeka bantu biaya birokrasi ribet kasih notifikasi daftar bbh turun cepat magang butuh semangat mutiara butuh bantu sambung jalan hidup rantau tolong baca direspon tanggap nyalahin libur cuti libur butuh biaya kaya,8.695652173913043,1
ahahaha asli nih bang lambung aman,33.333333333333336,1
yu yu,0.0,0
proses mulu nih giat,25.0,1
msib batch batchbatch evaluasi mundur banding batch jadwal bbh sesuai omong kesimpangsiuran informasi libur alas telat turun bbh msib planing kalimat tanda cacat prosedur laksana otoritas dunia didik kemendikbud ristek tanda didik indonesia maju janji manis utara realisasi,10.526315789473683,1
duit tiris banget kota orang bayar kos makan cokk bener ajaa dongg undur undur teruss,0.0,0
informasi bbh cair mending informasi pinjol percaya deh banget informasi bbh cair,8.333333333333334,1
teh riast,0.0,0
cair admin,0.0,0
proses zaman,0.0,0
iyaaaa jalan program sembunyi tangan inti suruh sabar coba huwaa,10.0,1
sosialisasi elit bbh sulit chuaksss,0.0,0
bbh cair msib mudik panitia msib nikmat lebaran,12.5,1
program batch kendala bbh bbh bbh evaluasi,0.0,0
panitia ngomong bbh bonus ckckck,20.0,1
atur menteri atur hak wajib magang pasal hak karyawan magang liput fasilitas selamat sehat kerja magang uang saku liput biaya transport uang makan insentif magang lindung bentuk jamin celaka kerja jamin mati sertifikat,9.090909090909092,1
ingkar janji,50.0,1
mah urusin bbh,0.0,0
bbh,0.0,0
latar msib khwtir dosa ngedzolimin orang aplgi libat orang,-11.11111111111111,-1
sosialisasi tolong bbh cepat cari anak rantau makan gratis rumah beda orang tua wali kirim uang umr harga barang inap transportasi,9.523809523809524,1
ekwkk,0.0,0
gilir nutup verifikasi berkas gercep pas cair bbh undur sayaa,0.0,0
temen ngerantau pulang ortunya pundak dikuatin yuk tau bener sedih tau,-9.090909090909092,-1
susup lord,0.0,0
komen ah masio msib,0.0,0
pinjol bengkak bunga gara bbh telat,0.0,0
emang cair termin bbh cair,0.0,0
alas libur wow panitia ni eligible,16.666666666666668,1
maaf pakbu bbh hak mahasiswa magang bonus tolong penuh hak dalih alas libur selesai libur,6.666666666666667,1
mampirnitip sendalbilangin ramai,-33.333333333333336,-1
tolong buka mata telinga lihat msib pulang bbh cair ketemu keluarga halang dana pulang tolong lihat aspirasi bbh msib cair lebaran alas bank libur libur nasional tolong dengar lihat msib batch,3.225806451612903,1
bbhnya asik korupsi,-33.333333333333336,-1
tim msib yuk kerja libur alas tanggal merah april catat hak mahasiswa penuh juang terima sesuai janji posisi gaji undur kesal pikir x hak mahasiswa bonus magang orientasi ilmu dipungkiri tunjang uang juang,15.151515151515152,1
bapakibu pahlawan puluh ribu mahasiswa magang sih loh total suara,0.0,0
pakbu kasihan temen temen ngerantau duit habis pulang ortu gatega libur lebaran pulang kumpul keluarga harap bbh ambang tau cair tolong pakbu cepat cair,0.0,0
xkyn weekdays pakai libur,0.0,0
mogok magang mending,-33.333333333333336,-1
betull sekaliii tolong lahh sesuai komitmen emanv april april,22.22222222222222,1
dosa msib,-50.0,-1
bbh termin cair cair april krisis uang kota orang tolong erti kondisi mahasiswa orang tua konglomerat,-6.25,-1
bbhnya hidup brgntung bbh,0.0,0
geus boga duit yeuh,0.0,0
kali pakbu planing kasihan teman rantau harap bbhhaknya cairdan gasemua msib milik prvlg mapan keluarga,-6.666666666666667,-1
yok yok lebaran cair bbhnya proses cari mundur sesuai janji eligible daftar biar cepat proses cari eh mundur,11.11111111111111,1
msib kasihan rantau pulang lebaran bbh cair pikir nasib msib uang tip alas mundur cair bbh gr libur nasional tolong tepatin janji cair kerja berfikir nasib mahasiswa,3.703703703703704,1
motor rusak pakai kantor magang nebeng mlu enak temen tolong banget mah,0.0,0
tolong mingdep cair yaa janji minggu cair molor batch molor banget banding batch pliss ngertiin rugi orang alami sndri mudik halang motor rusak biaya kasihan ortu gapunya uang bantu mlu mudik tolongg banget mahh hormat hak,5.555555555555555,1
takuttt,0.0,0
ayo msib usahain bbh cair april minimal libur libur nasional dijadiin alas bbh cair mundur lucu,-6.25,-1
open petisi,0.0,0
msib tolong anak orang dukung finansial ortunya anak rantau bingung uang hidup kota orang janji msib termin rapel kerja turun bbhnya bukti janji msib,8.333333333333334,1
april bbh cair kalik pulang lebaran pakai duit duit klok berat papa aih kidah,-7.142857142857143,-1
takut korupsi kaya sodarasodaranya,-25.0,-1
bentar sumatra buka,0.0,0
msib mandiri beban ortu gara mbengkak evaluasi,-14.285714285714286,-1
fkr bener haha,0.0,0
tolong la lapar beras abes minyak abes baju raya lunas,0.0,0
realistis ngerantau butuh uang bayar kos makan transportasi tau nih latar ekonomi orang tuh kaya doa cari alam orang janjiin bantu biaya,4.545454545454546,1
hai kakak harap sabar dana proses,16.666666666666668,1
verifikasi rekening magang pas cair tahap verifikasi cepat deh,11.11111111111111,1
bbh bayar kos ayo cepat cair,16.666666666666668,1
tolong cair bbhnya gain anak msib pakai pinjol ngelanjutin hidup magang,9.090909090909092,1
daftar msib batch duit,0.0,0
magang pacar makan janji palsu,20.0,1
sosialisasi elit bbh sulit,0.0,0
tahan menit habis buka,0.0,0
tolong tepatin janji bbh cair minggu informasi apaapa seleksi eligible eligible biar gampang cair dana bukti cepat cair batch kemaren dokumen eligible tolong janji manis pikirin orangorang rantau pulau moga sii batch nyata mending batch batch cair dana,10.526315789473683,1
batch pikir pikir,0.0,0
sesuai omong bener banget msib batch,16.666666666666668,1
bayar bbh syulitttt,0.0,0
cair bbh pakbu msib menbuat rules cair termin cair realisasi lantas kah nasib mahasiswa rantau maju program msib kecewa bapakibu,5.0,1
tuh kaks,0.0,0
ayolahh bbh rapel masak dingaretin bayar miskin miskin dahh,-11.11111111111111,-1
bodoh sih,-50.0,-1
pinjam mudik,0.0,0
xkyn urus orang kerja cepat sih kasihan tuh bas ribu anak orang pulang lebaran,7.142857142857143,1
msib mulu batch mending udahan ajaaaaa,0.0,0
guys zoom bareng msib bilang tau suruh doa tuhan bosan kali dengerin seru tuhan mohon moga orangorang layar msib nih kerja serius dalih nih birokrasi batch kemarin loh cepat lot manager ngomong mudah banget bbh bonus utama alam jobdesk kalah kerja asli allah riset ngomong ah lihat anakanak keluarga apaapa susah ngehindar php banget sumpah sptjm sr periksa cepat cair jalan proses bye msib byeeeee,1.5384615384615383,1
mei nuel wkwkwk,0.0,0
selamat jumat agung,66.66666666666667,1
gokil gokil serba sulit evaluasi selesai batch ujung ujung bobrok,-10.0,-1
minn pleasee lahh janji cair ditetapin whatss wrongg,12.5,1
mei,0.0,0
zoom sosialisasi omong kosong ujung cair nyalahin libur nasional april alas cair emang dasar birokrasi berbelitbelit chuakkzz,5.882352941176471,1
janji,100.0,1
orang program gede dana rangkap lpdp orang si,0.0,0
cair bbh masuk minggu informasi parah sih,-14.285714285714286,-1
janji bbh,50.0,1
libur resin sekrang libur,0.0,0
lago system khusus cair dana bbh batch bbh issue tuntas batch parahtidak kasih cari alas libur wahsangat bagus tolong reconstruct lago system yaprogram dampak masyarakat luas ekonomi beda kaya sihada pulang tuh lebaranada stress wali berat transfer anaknyaada mahasiswa hidup save uang banget nihapalagi tinggal jakarta possibility,2.127659574468085,1
saran magang uang minat magang merdeka sistem bbh kasihan cari pinjam kesana tutup biaya laksana magang speerti transport uang makan saran kali bijak proses cair bbh kalimat angin segar,6.896551724137931,1
baju lebaran,0.0,0
mohon janji cair bbh pekan,20.0,1
bbh owh bbh,0.0,0
mei,0.0,0
terimakasih bbhnya,0.0,0
okt okey,0.0,0
smb daftar,0.0,0
okt yok kalah,-33.333333333333336,-1
smb enak,50.0,1
program sampah,-50.0,-1
mahasiswa jerat pinjol gara bbh cair perintah tanggung,-12.5,-1
bbh cairin,0.0,0
parah dahhh masuk minggu bbh cair kacau kacau kacau,-22.22222222222222,-1
informasi bbh kacau data analis ribet ngurusi data jaman maju,0.0,0
cair hak,50.0,1
informasi bbh,0.0,0
tolong bbh magang merdeka cair bbh hak magang wajib cair anak magang keluarga tau protes akibat ketidakjelasan bbh butuh uang hidup seharihari tolong bbh msib cair,-3.8461538461538463,-1
hormat urus magang merdeka jajar bpkibu tolong ikan cair bbh pesan mahasiswa jerat pinjol bilang bbh bonus alam progam cari alam munafik bonus kalang atur msib tera magang biaya undang cantum uu ketenagakerjaan ayat situ tera gara milu rumit proses pakibu barangsiapa sulit orang allah sulit kiamat albukhari tanam otak moga hidup tenang pakibu trimakasih pakibu,1.7857142857142858,1
bbh bbh janji evaluasi bobrok,0.0,0
potong kali tuh duit bbh cair,0.0,0
mohon share infoo bbh janji teruss,16.666666666666668,1
kasih pinjam pinjam rb beli buka,16.666666666666668,1
bbh janji april oiya nama janji tepatin moga nama tepatin janji,9.090909090909092,1
uang baju lebaran pakai butuh magangehhh cair bbh undur proses verifikasi rekening bank magang sk terbit proses aju lagibenerbener,5.2631578947368425,1
sedih banget kl beneran mundur tanggal cair,-28.571428571428573,-1
fathiyyah spill derita,-33.333333333333336,-1
janji bbh april ngapa mei,20.0,1
nomor ingsfo,0.0,0
beda divisi it,0.0,0
jakarta ni anak lip bebas mlg jakarta,14.285714285714286,1
ngegantungin bbh tolong digantungin berat kuat,0.0,0
bener kait bbh,0.0,0
gabutuh informasi butuh bbh cair,0.0,0
ingfo bbh,0.0,0
ingfo bbh dek,0.0,0
p bbh,0.0,0
langsung biar kerja kali dripda termin telat wkwkwkwk,12.5,1
durasi magang bbh turun tidak-apa-apa magang turun bbh kelar program ayo,0.0,0
ndakkk butuh update an minn mending ingfokan pencairannnnnn,0.0,0
fazhh minnnn ojok pati update status wesssss bbh cairno sek mesakne kancaku minggu mangan karak,0.0,0
tolonggggggg cerita inspirasi elit bbh turun sulitt ngirit kali sembelit fazhh,9.090909090909092,1
informasi bbh,0.0,0
agee demo en bbh le,0.0,0
chuaksss ppppp age demo en le wkwkwkw,0.0,0
bbh turun minkeduluan berat badan turun ngirit,-14.285714285714286,-1
semangat teman juang bbh kapok bbh turun makan minjam uang,10.0,1
bbh sih,0.0,0
tunggu apatuh,0.0,0
informasi bbh takut masuk rs asam lambung kumat,-25.0,-1
syemangattt lur,0.0,0
dipinjemin adminnya pinjam hehehh,0.0,0
tunggu yah ehehehe d,0.0,0
maaf bbh cair minggu pinjam uang rb makan puasa sahur buka proper maag kambuh,0.0,0
informasi bbh minggu minggu ni gera,0.0,0
usaha ganti posisi enak chuaks,0.0,0
loh sa oppsy,0.0,0
main ignya kelap mobil,0.0,0
lauk tempe kerupuk kecap alhamdulillah,-20.0,-1
yaaa cair nyaaa,0.0,0
ibadah doa bbh cair v,0.0,0
informasi bbh kasih postingan feedssg biar biar tau proses turun postingan baca,8.333333333333334,1
keren i too,33.333333333333336,1
masuk jalan bbh masukmasuk batch kemarin lumayan cepat sumpah banget ku sayang bayar kos huwaaa,20.0,1
wow kakak tribe,33.333333333333336,1
pakai buka jamin turun mas,20.0,1
proud of kakkkk,0.0,0
the point bnget yah nuel wkwkwkw,0.0,0
keren banget,50.0,1
kemarin offering office jakarta malang paksa tolak,-14.285714285714286,-1
modal pokok makan bawa parkir bayar bensin hujan panas sikat semangat kunjung,8.333333333333334,1
aaa bestie gagal kerennyaaa,-25.0,-1
alam ngirit super bbh caircair makan nasi telor alhamdulillah bbh nih pen nang,7.6923076923076925,1
ngeriiii,0.0,0
neng ayu masak sayur lodeh keren banget fat milikin deh,0.0,0
daya cita msib patah dospem,-20.0,-1
aaaaaa aamiin terimakasih yaaa semangat kamuu,16.666666666666668,1
terimakasih keren,50.0,1
kenal,0.0,0
kelazz,0.0,0
tuhan temen keren,33.333333333333336,1
ikan hiu makan tomat fathiyyah i lop somat,-12.5,-1
wahh kerenn,0.0,0
tunggu bbhnya,0.0,0
cerita inspiratif msib ngirit bbh turun,16.666666666666668,1
sekal masuk feed haha,0.0,0
waww,0.0,0
capernya,0.0,0
informasi bbh cairrr msib,0.0,0
